away_team_abbr,home_team_abbr,date,start_time,day_night,venue,field_type,away_team_errors,home_team_errors,away_team_hits,home_team_hits,away_team_runs,home_team_runs,game_id
NYM,STL,2024-03-01,18:05,D,Roger Dean Stadium,outdoor,1,0,7,8,2,3,NYMSTL20240301D
OAK,KC,2024-03-01,20:05,D,Surprise Stadium,outdoor,2,0,11,7,4,5,OAKKC20240301D
BAL,ATL,2024-03-01,18:05,D,CoolToday Park,outdoor,0,0,7,6,3,1,BALATL20240301D
AZ,CIN,2024-03-02,01:05,N,Goodyear Ballpark,outdoor,2,3,18,15,12,8,AZCIN20240302N
CLE,LAD,2024-03-02,01:05,N,Camelback Ranch,outdoor,0,1,7,9,4,6,CLELAD20240302N
HOU,WSH,2024-03-01,18:05,D,CACTI Park of the Palm Beaches,outdoor,4,2,10,12,10,8,HOUWSH20240301D
CWS,CHC,2024-03-01,20:05,D,Sloan Park,outdoor,1,0,10,9,6,10,CWSCHC20240301D
SEA,COL,2024-03-01,20:10,D,Salt River Fields at Talking Stick,outdoor,1,1,10,16,9,10,SEACOL20240301D
TB,PIT,2024-03-01,18:05,D,LECOM Park,outdoor,1,0,12,8,8,12,TBPIT20240301D
LAA,SD,2024-03-01,20:10,D,Peoria Sports Complex,outdoor,3,2,8,6,5,3,LAASD20240301D
MIA,PHI,2024-03-01,18:05,D,BayCare Ballpark,outdoor,0,0,8,9,6,6,MIAPHI20240301D
BOS,MIN,2024-03-01,18:05,D,CenturyLink Sports Complex,outdoor,0,1,6,3,3,5,BOSMIN20240301D
TEX,SF,2024-03-01,20:05,D,Scottsdale Stadium,outdoor,2,0,8,15,5,11,TEXSF20240301D
PHI,DET,2024-03-01,18:05,D,Publix Field at Joker Marchant Stadium,outdoor,0,2,9,9,2,4,PHIDET20240301D
TOR,NYY,2024-03-01,23:35,N,George M. Steinbrenner Field,outdoor,2,0,10,9,4,8,TORNYY20240301N
SD,MIL,2024-03-01,20:10,D,American Family Fields of Phoenix,outdoor,1,1,10,6,3,4,SDMIL20240301D
STL,HOU,2024-03-02,18:05,D,CACTI Park of the Palm Beaches,outdoor,0,0,6,12,1,7,STLHOU20240302D
KC,CLE,2024-03-02,20:05,D,Goodyear Ballpark,outdoor,1,0,16,12,13,12,KCCLE20240302D
NYM,MIA,2024-03-02,18:10,D,Roger Dean Stadium,outdoor,1,2,4,10,1,4,NYMMIA20240302D
BOS,TB,2024-03-02,18:05,D,Charlotte Sports Park,outdoor,0,2,7,5,3,2,BOSTB20240302D
NYY,BAL,2024-03-02,18:05,D,Ed Smith Stadium,outdoor,0,0,10,8,3,7,NYYBAL20240302D
CHC,LAD,2024-03-02,20:05,D,Camelback Ranch,outdoor,1,1,9,9,5,8,CHCLAD20240302D
CWS,TEX,2024-03-02,20:05,D,Surprise Stadium,outdoor,0,1,8,18,3,14,CWSTEX20240302D
WSH,BOS,2024-03-02,18:05,D,JetBlue Park,outdoor,2,0,4,7,2,4,WSHBOS20240302D
AZ,LAA,2024-03-02,20:10,D,Tempe Diablo Stadium,outdoor,1,1,6,9,1,4,AZLAA20240302D
MIN,PHI,2024-03-02,18:05,D,BayCare Ballpark,outdoor,2,1,6,6,2,3,MINPHI20240302D
PIT,DET,2024-03-02,18:05,D,Publix Field at Joker Marchant Stadium,outdoor,1,0,7,2,7,3,PITDET20240302D
LAD,MIL,2024-03-02,20:10,D,American Family Fields of Phoenix,outdoor,0,1,13,8,11,3,LADMIL20240302D
OAK,SEA,2024-03-02,20:10,D,Peoria Sports Complex,outdoor,0,4,12,11,12,8,OAKSEA20240302D
CIN,COL,2024-03-02,20:10,D,Salt River Fields at Talking Stick,outdoor,2,0,7,7,4,10,CINCOL20240302D
ATL,TOR,2024-03-02,18:07,D,TD Ballpark,outdoor,0,0,5,6,6,2,ATLTOR20240302D
SD,SF,2024-03-02,20:05,D,Scottsdale Stadium,outdoor,1,2,10,8,3,2,SDSF20240302D
CWS,LAA,2024-03-03,20:10,D,Tempe Diablo Stadium,outdoor,2,1,4,5,1,3,CWSLAA20240303D
TB,MIN,2024-03-03,18:05,D,CenturyLink Sports Complex,outdoor,1,0,12,13,4,4,TBMIN20240303D
COL,LAD,2024-03-03,20:05,D,Camelback Ranch,outdoor,3,1,8,11,4,7,COLLAD20240303D
MIA,STL,2024-03-03,18:05,D,Roger Dean Stadium,outdoor,0,0,0,0,0,0,MIASTL20240303D
TEX,OAK,2024-03-03,20:05,D,Hohokam Stadium,outdoor,0,4,5,9,2,5,TEXOAK20240303D
SF,CLE,2024-03-03,20:05,D,Goodyear Ballpark,outdoor,1,0,10,13,6,5,SFCLE20240303D
MIL,AZ,2024-03-03,20:10,D,Salt River Fields at Talking Stick,outdoor,0,2,12,7,10,4,MILAZ20240303D
PHI,ATL,2024-03-03,18:05,D,CoolToday Park,outdoor,0,1,8,5,2,3,PHIATL20240303D
MIA,WSH,2024-03-03,18:05,D,CACTI Park of the Palm Beaches,outdoor,0,0,0,0,0,0,MIAWSH20240303D
HOU,NYM,2024-03-03,18:10,D,Clover Park,outdoor,0,0,7,6,5,2,HOUNYM20240303D
CLE,CHC,2024-03-03,20:05,D,Sloan Park,outdoor,1,0,9,10,3,5,CLECHC20240303D
TOR,BOS,2024-03-03,18:05,D,JetBlue Park,outdoor,0,0,7,6,1,3,TORBOS20240303D
DET,NYY,2024-03-03,18:05,D,George M. Steinbrenner Field,outdoor,0,0,7,6,7,2,DETNYY20240303D
BAL,PIT,2024-03-03,18:05,D,LECOM Park,outdoor,0,1,7,9,5,2,BALPIT20240303D
CIN,KC,2024-03-03,20:05,D,Surprise Stadium,outdoor,1,0,7,13,3,7,CINKC20240303D
SEA,SD,2024-03-03,20:10,D,Peoria Sports Complex,outdoor,1,0,8,14,4,12,SEASD20240303D
AZ,CWS,2024-03-04,20:05,D,Camelback Ranch,outdoor,1,0,10,10,2,5,AZCWS20240304D
SF,COL,2024-03-04,20:10,D,Salt River Fields at Talking Stick,outdoor,1,1,15,12,10,12,SFCOL20240304D
OAK,CIN,2024-03-04,20:05,D,Goodyear Ballpark,outdoor,2,0,16,8,8,15,OAKCIN20240304D
CHC,SD,2024-03-04,20:10,D,Peoria Sports Complex,outdoor,0,0,9,9,1,2,CHCSD20240304D
BOS,DET,2024-03-04,18:05,D,Publix Field at Joker Marchant Stadium,outdoor,1,0,4,5,1,2,BOSDET20240304D
ATL,MIN,2024-03-04,18:05,D,CenturyLink Sports Complex,outdoor,0,0,9,8,3,4,ATLMIN20240304D
LAA,TEX,2024-03-04,20:05,D,Surprise Stadium,outdoor,1,1,3,6,3,2,LAATEX20240304D
PIT,TB,2024-03-04,18:05,D,Charlotte Sports Park,outdoor,1,2,12,6,7,3,PITTB20240304D
MIN,BAL,2024-03-04,18:05,D,Ed Smith Stadium,outdoor,0,0,13,3,7,2,MINBAL20240304D
STL,WSH,2024-03-04,18:05,D,CACTI Park of the Palm Beaches,outdoor,2,2,6,5,0,1,STLWSH20240304D
NYY,MIA,2024-03-04,23:40,N,Roger Dean Stadium,outdoor,1,0,6,5,3,2,NYYMIA20240304N
PHI,TOR,2024-03-04,18:07,D,TD Ballpark,outdoor,0,2,10,7,2,5,PHITOR20240304D
DET,ATL,2024-03-05,18:05,D,CoolToday Park,outdoor,3,0,6,7,0,3,DETATL20240305D
MIA,HOU,2024-03-05,18:05,D,CACTI Park of the Palm Beaches,outdoor,0,0,4,3,2,0,MIAHOU20240305D
TEX,SEA,2024-03-05,20:10,D,Peoria Sports Complex,outdoor,3,0,12,9,10,9,TEXSEA20240305D
SD,AZ,2024-03-05,20:10,D,Salt River Fields at Talking Stick,outdoor,3,0,10,8,3,5,SDAZ20240305D
MIL,SF,2024-03-05,20:05,D,Scottsdale Stadium,outdoor,1,1,10,19,8,13,MILSF20240305D
LAA,LAD,2024-03-06,01:05,N,Camelback Ranch,outdoor,2,0,9,7,4,0,LAALAD20240306N
TB,BOS,2024-03-05,18:05,D,JetBlue Park,outdoor,0,1,8,10,4,7,TBBOS20240305D
NYY,NYM,2024-03-05,18:10,D,Clover Park,outdoor,1,1,7,8,4,5,NYYNYM20240305D
TOR,PIT,2024-03-05,18:05,D,LECOM Park,outdoor,1,0,8,9,5,6,TORPIT20240305D
BAL,PHI,2024-03-05,18:05,D,BayCare Ballpark,outdoor,0,0,9,8,3,2,BALPHI20240305D
MIN,STL,2024-03-05,18:05,D,Roger Dean Stadium,outdoor,1,1,8,8,4,5,MINSTL20240305D
CHC,KC,2024-03-06,01:05,N,Surprise Stadium,outdoor,3,0,4,5,0,4,CHCKC20240306N
SEA,CLE,2024-03-05,20:05,D,Goodyear Ballpark,outdoor,1,0,5,9,1,4,SEACLE20240305D
LAA,CHC,2024-03-06,20:05,D,Sloan Park,outdoor,1,4,6,9,5,6,LAACHC20240306D
TB,NYY,2024-03-06,18:05,D,George M. Steinbrenner Field,outdoor,1,0,7,9,4,3,TBNYY20240306D
TEX,COL,2024-03-06,20:10,D,Salt River Fields at Talking Stick,outdoor,2,0,10,8,6,6,TEXCOL20240306D
BOS,MIN,2024-03-06,18:05,D,CenturyLink Sports Complex,outdoor,0,1,7,9,1,7,BOSMIN20240306D
LAD,CWS,2024-03-06,20:05,D,Camelback Ranch,outdoor,1,1,12,11,12,9,LADCWS20240306D
OAK,LAA,2024-03-06,20:10,D,Tempe Diablo Stadium,outdoor,0,1,17,3,12,5,OAKLAA20240306D
WSH,MIA,2024-03-06,18:10,D,Roger Dean Stadium,outdoor,0,3,12,6,9,3,WSHMIA20240306D
MIL,CIN,2024-03-06,20:05,D,Goodyear Ballpark,outdoor,0,2,8,5,2,0,MILCIN20240306D
SEA,KC,2024-03-06,20:05,D,Surprise Stadium,outdoor,0,2,8,10,8,7,SEAKC20240306D
NYM,HOU,2024-03-06,18:05,D,CACTI Park of the Palm Beaches,outdoor,0,0,0,0,0,0,NYMHOU20240306D
CLE,MIL,2024-03-06,20:10,D,American Family Fields of Phoenix,outdoor,1,1,6,5,3,3,CLEMIL20240306D
PIT,BAL,2024-03-06,23:05,N,Ed Smith Stadium,outdoor,2,1,5,10,4,6,PITBAL20240306N
CIN,SD,2024-03-06,20:10,D,Peoria Sports Complex,outdoor,0,0,10,5,6,2,CINSD20240306D
CLE,OAK,2024-03-07,20:05,D,Hohokam Stadium,outdoor,0,0,0,0,0,0,CLEOAK20240307D
KC,COL,2024-03-07,20:10,D,Salt River Fields at Talking Stick,outdoor,0,0,0,0,0,0,KCCOL20240307D
LAA,SEA,2024-03-07,20:10,D,Peoria Sports Complex,outdoor,0,0,4,5,0,5,LAASEA20240307D
WSH,NYM,2024-03-07,23:10,N,Clover Park,outdoor,0,1,7,5,1,3,WSHNYM20240307N
LAD,SF,2024-03-08,02:05,N,Scottsdale Stadium,outdoor,0,0,2,0,0,0,LADSF20240308N
TOR,DET,2024-03-07,23:05,N,Publix Field at Joker Marchant Stadium,outdoor,0,1,7,8,5,4,TORDET20240307N
DET,NYY,2024-03-07,23:35,N,George M. Steinbrenner Field,outdoor,1,3,14,10,11,5,DETNYY20240307N
ATL,BOS,2024-03-07,18:05,D,JetBlue Park,outdoor,0,1,9,4,3,2,ATLBOS20240307D
CHC,CIN,2024-03-08,01:05,N,Goodyear Ballpark,outdoor,0,1,3,9,2,2,CHCCIN20240308N
MIL,CWS,2024-03-07,20:05,D,Camelback Ranch,outdoor,2,0,10,2,8,2,MILCWS20240307D
AZ,TEX,2024-03-07,20:05,D,Surprise Stadium,outdoor,0,2,7,11,5,7,AZTEX20240307D
HOU,STL,2024-03-07,18:05,D,Roger Dean Stadium,outdoor,1,1,14,7,6,3,HOUSTL20240307D
PHI,TB,2024-03-07,18:05,D,Charlotte Sports Park,outdoor,0,0,7,10,2,3,PHITB20240307D
CHC,AZ,2024-03-08,20:10,D,Salt River Fields at Talking Stick,outdoor,1,1,5,12,5,7,CHCAZ20240308D
DET,BAL,2024-03-08,23:05,N,Ed Smith Stadium,outdoor,1,0,10,8,3,4,DETBAL20240308N
OAK,MIL,2024-03-08,20:10,D,American Family Fields of Phoenix,outdoor,2,0,13,8,4,7,OAKMIL20240308D
CWS,CLE,2024-03-08,20:05,D,Goodyear Ballpark,outdoor,1,0,6,6,1,2,CWSCLE20240308D
NYM,MIA,2024-03-08,23:40,N,Roger Dean Stadium,outdoor,0,2,7,9,3,1,NYMMIA20240308N
KC,TEX,2024-03-08,20:05,D,Surprise Stadium,outdoor,1,1,6,4,4,2,KCTEX20240308D
COL,LAA,2024-03-08,20:10,D,Tempe Diablo Stadium,outdoor,1,2,10,13,7,8,COLLAA20240308D
CIN,LAD,2024-03-09,01:05,N,Camelback Ranch,outdoor,0,0,6,0,4,0,CINLAD20240309N
HOU,PHI,2024-03-08,18:05,D,BayCare Ballpark,outdoor,2,0,8,10,3,6,HOUPHI20240308D
STL,WSH,2024-03-08,23:05,N,CACTI Park of the Palm Beaches,outdoor,1,2,10,7,7,6,STLWSH20240308N
PIT,ATL,2024-03-08,18:05,D,CoolToday Park,outdoor,2,0,11,10,6,6,PITATL20240308D
MIN,PIT,2024-03-08,18:05,D,LECOM Park,outdoor,0,1,5,10,3,6,MINPIT20240308D
SEA,CHC,2024-03-08,20:05,D,Sloan Park,outdoor,0,1,10,10,5,9,SEACHC20240308D
MIL,OAK,2024-03-09,02:05,N,Las Vegas Ballpark,outdoor,1,1,7,6,5,4,MILOAK20240309N
NYY,TOR,2024-03-08,18:07,D,TD Ballpark,outdoor,1,0,5,3,1,2,NYYTOR20240308D
SF,SD,2024-03-09,01:40,N,Peoria Sports Complex,outdoor,0,0,0,0,0,0,SFSD20240309N
TEX,LAD,2024-03-09,20:05,D,Camelback Ranch,outdoor,1,1,3,13,1,7,TEXLAD20240309D
CIN,AZ,2024-03-09,20:10,D,Salt River Fields at Talking Stick,outdoor,0,1,12,11,7,5,CINAZ20240309D
BOS,TB,2024-03-09,22:05,N,Estadio Quisqueya Juan Marichal,outdoor,0,1,10,4,4,0,BOSTB20240309N
BAL,ATL,2024-03-09,18:05,D,CoolToday Park,outdoor,1,0,12,7,10,3,BALATL20240309D
CWS,SD,2024-03-09,20:10,D,Peoria Sports Complex,outdoor,0,0,11,6,1,1,CWSSD20240309D
NYM,STL,2024-03-09,18:05,D,Roger Dean Stadium,outdoor,0,2,15,6,9,3,NYMSTL20240309D
OAK,SF,2024-03-09,20:05,D,Scottsdale Stadium,outdoor,1,0,4,7,1,5,OAKSF20240309D
LAA,CLE,2024-03-09,20:05,D,Goodyear Ballpark,outdoor,3,2,9,9,5,4,LAACLE20240309D
PIT,DET,2024-03-09,18:05,D,Publix Field at Joker Marchant Stadium,outdoor,0,2,7,10,5,8,PITDET20240309D
AZ,KC,2024-03-09,20:05,D,Surprise Stadium,outdoor,1,0,6,14,5,6,AZKC20240309D
SEA,MIL,2024-03-09,20:10,D,American Family Fields of Phoenix,outdoor,0,1,11,9,7,5,SEAMIL20240309D
NYY,MIN,2024-03-09,18:05,D,CenturyLink Sports Complex,outdoor,2,1,6,19,7,10,NYYMIN20240309D
WSH,HOU,2024-03-09,17:05,D,CACTI Park of the Palm Beaches,outdoor,3,1,9,15,4,9,WSHHOU20240309D
COL,CHC,2024-03-09,20:05,D,Sloan Park,outdoor,0,0,3,7,0,5,COLCHC20240309D
TOR,PHI,2024-03-09,18:05,D,BayCare Ballpark,outdoor,0,0,18,9,13,5,TORPHI20240309D
MIA,WSH,2024-03-09,23:05,N,CACTI Park of the Palm Beaches,outdoor,1,0,8,9,4,1,MIAWSH20240309N
MIL,OAK,2024-03-09,21:05,D,Las Vegas Ballpark,outdoor,1,1,5,10,2,4,MILOAK20240309D
BAL,TOR,2024-03-10,17:07,D,TD Ballpark,outdoor,0,0,14,9,11,6,BALTOR20240310D
DET,NYM,2024-03-10,17:10,D,Clover Park,outdoor,0,2,7,5,3,2,DETNYM20240310D
ATL,NYY,2024-03-10,17:05,D,George M. Steinbrenner Field,outdoor,0,0,11,17,8,9,ATLNYY20240310D
PHI,PIT,2024-03-10,17:05,D,LECOM Park,outdoor,0,2,11,10,9,7,PHIPIT20240310D
SD,LAA,2024-03-10,20:10,D,Tempe Diablo Stadium,outdoor,1,0,4,10,4,5,SDLAA20240310D
WSH,MIN,2024-03-10,17:05,D,CenturyLink Sports Complex,outdoor,1,1,12,6,7,3,WSHMIN20240310D
STL,MIA,2024-03-10,17:10,D,Roger Dean Stadium,outdoor,1,1,15,12,12,8,STLMIA20240310D
KC,OAK,2024-03-10,20:05,D,Hohokam Stadium,outdoor,0,0,10,9,3,6,KCOAK20240310D
CWS,SF,2024-03-10,20:05,D,Scottsdale Stadium,outdoor,1,0,9,8,4,5,CWSSF20240310D
SF,SEA,2024-03-10,20:10,D,Peoria Sports Complex,outdoor,1,1,7,10,3,8,SFSEA20240310D
CHC,TEX,2024-03-10,20:05,D,Surprise Stadium,outdoor,1,0,14,7,5,1,CHCTEX20240310D
TOR,BAL,2024-03-10,17:05,D,Ed Smith Stadium,outdoor,1,0,11,7,6,6,TORBAL20240310D
AZ,LAD,2024-03-10,20:05,D,Camelback Ranch,outdoor,0,1,5,14,1,12,AZLAD20240310D
TB,BOS,2024-03-10,17:05,D,Estadio Quisqueya Juan Marichal,outdoor,0,2,12,6,6,7,TBBOS20240310D
MIL,COL,2024-03-10,20:10,D,Salt River Fields at Talking Stick,outdoor,0,0,4,7,1,3,MILCOL20240310D
CLE,CIN,2024-03-10,20:05,D,Goodyear Ballpark,outdoor,0,1,10,4,3,5,CLECIN20240310D
MIA,HOU,2024-03-10,17:05,D,CACTI Park of the Palm Beaches,outdoor,0,1,5,6,3,0,MIAHOU20240310D
OAK,AZ,2024-03-11,20:10,D,Salt River Fields at Talking Stick,outdoor,0,0,11,5,6,5,OAKAZ20240311D
TOR,TB,2024-03-11,17:05,D,Charlotte Sports Park,outdoor,0,5,11,7,9,2,TORTB20240311D
SD,SEA,2024-03-11,20:10,D,Peoria Sports Complex,outdoor,0,2,17,8,13,3,SDSEA20240311D
TEX,LAA,2024-03-11,20:10,D,Tempe Diablo Stadium,outdoor,3,2,17,9,15,5,TEXLAA20240311D
SF,KC,2024-03-11,20:05,D,Surprise Stadium,outdoor,3,0,15,12,12,9,SFKC20240311D
BAL,NYY,2024-03-11,17:05,D,George M. Steinbrenner Field,outdoor,1,1,10,10,3,5,BALNYY20240311D
DET,HOU,2024-03-11,17:05,D,CACTI Park of the Palm Beaches,outdoor,0,0,10,6,5,3,DETHOU20240311D
LAD,CLE,2024-03-11,20:05,D,Goodyear Ballpark,outdoor,2,1,5,10,1,5,LADCLE20240311D
MIN,ATL,2024-03-11,17:05,D,CoolToday Park,outdoor,2,1,3,11,0,3,MINATL20240311D
MIA,NYM,2024-03-11,22:10,N,Clover Park,outdoor,1,0,5,5,1,0,MIANYM20240311N
PIT,BOS,2024-03-11,17:05,D,JetBlue Park,outdoor,0,2,5,5,0,1,PITBOS20240311D
COL,CWS,2024-03-11,20:05,D,Camelback Ranch,outdoor,0,0,12,6,7,2,COLCWS20240311D
WSH,STL,2024-03-11,17:05,D,Roger Dean Stadium,outdoor,0,0,17,11,11,4,WSHSTL20240311D
NYY,PHI,2024-03-11,17:05,D,BayCare Ballpark,outdoor,0,1,4,5,2,1,NYYPHI20240311D
AZ,SD,2024-03-12,20:10,D,Peoria Sports Complex,outdoor,1,0,4,8,2,2,AZSD20240312D
CWS,CIN,2024-03-13,01:05,N,Goodyear Ballpark,outdoor,1,1,16,3,14,1,CWSCIN20240313N
CLE,TEX,2024-03-12,20:05,D,Surprise Stadium,outdoor,0,0,8,5,3,0,CLETEX20240312D
STL,BOS,2024-03-12,17:05,D,JetBlue Park,outdoor,0,1,12,12,8,6,STLBOS20240312D
KC,COL,2024-03-12,20:10,D,Salt River Fields at Talking Stick,outdoor,1,0,9,9,2,4,KCCOL20240312D
HOU,MIA,2024-03-12,17:10,D,Roger Dean Stadium,outdoor,1,1,14,8,9,1,HOUMIA20240312D
NYM,WSH,2024-03-12,22:05,N,CACTI Park of the Palm Beaches,outdoor,0,0,2,7,1,4,NYMWSH20240312N
NYY,TOR,2024-03-12,17:07,D,TD Ballpark,outdoor,1,0,8,12,1,8,NYYTOR20240312D
SEA,OAK,2024-03-12,20:05,D,Hohokam Stadium,outdoor,0,0,10,8,2,4,SEAOAK20240312D
SF,LAD,2024-03-12,20:05,D,Camelback Ranch,outdoor,0,2,3,11,4,6,SFLAD20240312D
TB,BAL,2024-03-12,17:05,D,Ed Smith Stadium,outdoor,1,1,12,15,8,12,TBBAL20240312D
MIN,DET,2024-03-12,17:05,D,Publix Field at Joker Marchant Stadium,outdoor,0,1,1,4,0,1,MINDET20240312D
ATL,PIT,2024-03-12,17:05,D,LECOM Park,outdoor,0,0,2,7,1,5,ATLPIT20240312D
MIL,CHC,2024-03-13,01:05,N,Sloan Park,outdoor,3,1,12,8,5,6,MILCHC20240313N
DET,PHI,2024-03-13,17:05,D,BayCare Ballpark,outdoor,0,0,5,6,1,4,DETPHI20240313D
PIT,TOR,2024-03-13,17:07,D,TD Ballpark,outdoor,1,1,9,12,3,10,PITTOR20240313D
MIN,TB,2024-03-13,17:05,D,Charlotte Sports Park,outdoor,0,1,5,6,3,4,MINTB20240313D
STL,MIN,2024-03-13,17:05,D,CenturyLink Sports Complex,outdoor,0,0,4,5,1,1,STLMIN20240313D
HOU,NYM,2024-03-13,22:10,N,Clover Park,outdoor,1,1,7,7,5,6,HOUNYM20240313N
SEA,LAD,2024-03-13,20:05,D,Camelback Ranch,outdoor,0,1,13,8,8,1,SEALAD20240313D
COL,AZ,2024-03-13,20:10,D,Salt River Fields at Talking Stick,outdoor,1,2,9,11,7,5,COLAZ20240313D
CIN,SF,2024-03-13,20:05,D,Scottsdale Stadium,outdoor,0,1,23,14,19,11,CINSF20240313D
ATL,BAL,2024-03-13,22:05,N,Ed Smith Stadium,outdoor,2,0,9,7,7,5,ATLBAL20240313N
WSH,MIA,2024-03-13,17:10,D,Roger Dean Stadium,outdoor,0,0,6,4,2,1,WSHMIA20240313D
CHC,CLE,2024-03-13,20:05,D,Goodyear Ballpark,outdoor,3,1,13,9,8,3,CHCCLE20240313D
BOS,NYY,2024-03-13,17:05,D,George M. Steinbrenner Field,outdoor,0,1,11,10,9,4,BOSNYY20240313D
CWS,MIL,2024-03-13,20:10,D,American Family Fields of Phoenix,outdoor,1,2,21,10,15,4,CWSMIL20240313D
LAA,KC,2024-03-13,20:05,D,Surprise Stadium,outdoor,0,1,8,4,2,3,LAAKC20240313D
OAK,SD,2024-03-13,20:10,D,Peoria Sports Complex,outdoor,1,2,13,17,11,12,OAKSD20240313D
TB,ATL,2024-03-14,17:05,D,CoolToday Park,outdoor,0,1,6,5,3,1,TBATL20240314D
TOR,MIN,2024-03-14,17:05,D,CenturyLink Sports Complex,outdoor,1,1,9,4,5,1,TORMIN20240314D
OAK,CHC,2024-03-14,20:05,D,Sloan Park,outdoor,0,0,6,6,1,3,OAKCHC20240314D
MIL,SEA,2024-03-14,20:10,D,Peoria Sports Complex,outdoor,1,0,6,7,2,4,MILSEA20240314D
COL,CLE,2024-03-14,20:05,D,Goodyear Ballpark,outdoor,1,1,10,16,7,13,COLCLE20240314D
HOU,WSH,2024-03-14,22:05,N,CACTI Park of the Palm Beaches,outdoor,0,2,11,8,3,5,HOUWSH20240314N
LAA,CWS,2024-03-14,20:05,D,Camelback Ranch,outdoor,1,1,5,9,1,5,LAACWS20240314D
KC,AZ,2024-03-14,20:10,D,Salt River Fields at Talking Stick,outdoor,0,1,11,4,6,0,KCAZ20240314D
CIN,TEX,2024-03-15,01:05,N,Surprise Stadium,outdoor,1,1,7,6,4,7,CINTEX20240315N
NYM,STL,2024-03-14,17:05,D,Roger Dean Stadium,outdoor,0,0,3,3,0,0,NYMSTL20240314D
BOS,PHI,2024-03-14,17:05,D,BayCare Ballpark,outdoor,1,0,6,10,1,6,BOSPHI20240314D
NYY,DET,2024-03-14,17:05,D,Publix Field at Joker Marchant Stadium,outdoor,3,0,3,12,0,7,NYYDET20240314D
BAL,PIT,2024-03-14,19:05,D,LECOM Park,outdoor,0,1,3,6,5,2,BALPIT20240314D
PIT,NYY,2024-03-15,22:35,N,George M. Steinbrenner Field,outdoor,0,3,10,7,6,2,PITNYY20240315N
CLE,KC,2024-03-15,20:05,D,Surprise Stadium,outdoor,0,0,10,6,6,1,CLEKC20240315D
CHC,CWS,2024-03-15,20:05,D,Camelback Ranch,outdoor,0,0,7,4,2,3,CHCCWS20240315D
WSH,NYM,2024-03-15,22:10,N,Clover Park,outdoor,1,0,6,10,7,3,WSHNYM20240315N
SEA,LAA,2024-03-15,20:10,D,Tempe Diablo Stadium,outdoor,0,0,0,0,0,0,SEALAA20240315D
ATL,DET,2024-03-15,17:05,D,Publix Field at Joker Marchant Stadium,outdoor,1,0,4,13,1,6,ATLDET20240315D
PHI,HOU,2024-03-15,22:05,N,CACTI Park of the Palm Beaches,outdoor,1,1,5,14,3,5,PHIHOU20240315N
KC,CIN,2024-03-15,20:05,D,Goodyear Ballpark,outdoor,0,0,0,0,0,0,KCCIN20240315D
MIN,BOS,2024-03-15,22:05,N,JetBlue Park,outdoor,1,0,11,11,5,8,MINBOS20240315N
BAL,TB,2024-03-15,17:05,D,Charlotte Sports Park,outdoor,1,1,4,10,2,7,BALTB20240315D
AZ,MIL,2024-03-15,20:10,D,American Family Fields of Phoenix,outdoor,0,0,0,0,0,0,AZMIL20240315D
DET,TOR,2024-03-15,17:07,D,TD Ballpark,outdoor,0,0,11,8,9,6,DETTOR20240315D
SF,OAK,2024-03-15,20:05,D,Hohokam Stadium,outdoor,2,0,3,2,2,1,SFOAK20240315D
MIA,STL,2024-03-15,22:05,N,Roger Dean Stadium,outdoor,0,1,15,9,8,4,MIASTL20240315N
TEX,COL,2024-03-15,20:10,D,Salt River Fields at Talking Stick,outdoor,0,0,0,0,0,0,TEXCOL20240315D
TEX,MIL,2024-03-16,20:10,D,American Family Fields of Phoenix,outdoor,0,0,5,7,1,5,TEXMIL20240316D
TOR,NYY,2024-03-16,17:05,D,George M. Steinbrenner Field,outdoor,0,1,14,15,9,10,TORNYY20240316D
OAK,COL,2024-03-16,20:10,D,Salt River Fields at Talking Stick,outdoor,1,2,14,15,9,11,OAKCOL20240316D
CLE,SF,2024-03-16,20:05,D,Scottsdale Stadium,outdoor,2,0,7,9,0,6,CLESF20240316D
MIL,OAK,2024-03-16,20:05,D,Hohokam Stadium,outdoor,0,1,12,10,11,4,MILOAK20240316D
AZ,TEX,2024-03-16,20:05,D,Surprise Stadium,outdoor,0,0,9,13,5,4,AZTEX20240316D
CWS,SEA,2024-03-16,20:10,D,Peoria Sports Complex,outdoor,1,0,8,13,2,8,CWSSEA20240316D
TB,MIN,2024-03-16,17:05,D,CenturyLink Sports Complex,outdoor,1,1,8,7,5,6,TBMIN20240316D
CHC,LAA,2024-03-16,20:10,D,Tempe Diablo Stadium,outdoor,2,1,6,8,4,3,CHCLAA20240316D
PIT,ATL,2024-03-16,22:05,N,CoolToday Park,outdoor,3,0,8,6,4,2,PITATL20240316N
SEA,CIN,2024-03-16,20:05,D,Goodyear Ballpark,outdoor,0,1,12,12,11,7,SEACIN20240316D
SF,CWS,2024-03-16,20:05,D,Camelback Ranch,outdoor,1,0,14,8,11,7,SFCWS20240316D
LAD,KIW,2024-03-17,03:00,D,Gocheok Sky Dome,indoor,1,0,17,6,14,3,LADKIW20240317D
BOS,BAL,2024-03-16,17:05,D,Ed Smith Stadium,outdoor,1,2,4,10,4,5,BOSBAL20240316D
NYM,HOU,2024-03-16,22:05,N,CACTI Park of the Palm Beaches,outdoor,1,2,9,1,6,1,NYMHOU20240316N
PHI,MIA,2024-03-16,17:10,D,Roger Dean Stadium,outdoor,0,1,8,13,3,3,PHIMIA20240316D
STL,WSH,2024-03-16,16:05,D,CACTI Park of the Palm Beaches,outdoor,0,0,11,13,8,5,STLWSH20240316D
DET,PIT,2024-03-16,20:05,D,LECOM Park,outdoor,1,1,12,10,6,4,DETPIT20240316D
KC,CHC,2024-03-16,20:05,D,Sloan Park,outdoor,1,0,7,11,6,7,KCCHC20240316D
TOR,PHI,2024-03-17,17:05,D,BayCare Ballpark,outdoor,1,1,10,9,5,5,TORPHI20240317D
LAA,AZ,2024-03-17,20:10,D,Salt River Fields at Talking Stick,outdoor,1,0,7,8,0,2,LAAAZ20240317D
COL,SF,2024-03-17,20:05,D,Scottsdale Stadium,outdoor,1,0,9,8,5,3,COLSF20240317D
MIA,NYM,2024-03-17,17:10,D,Clover Park,outdoor,0,2,10,8,6,7,MIANYM20240317D
BAL,DET,2024-03-17,17:05,D,Publix Field at Joker Marchant Stadium,outdoor,0,2,5,9,4,4,BALDET20240317D
ATL,BAL,2024-03-17,17:05,D,Ed Smith Stadium,outdoor,0,0,9,9,2,8,ATLBAL20240317D
TB,PIT,2024-03-17,17:05,D,LECOM Park,outdoor,2,0,8,13,4,8,TBPIT20240317D
NYM,WSH,2024-03-17,17:05,D,CACTI Park of the Palm Beaches,outdoor,2,1,12,14,8,9,NYMWSH20240317D
HOU,STL,2024-03-17,17:05,D,Roger Dean Stadium,outdoor,0,1,11,9,6,10,HOUSTL20240317D
AZ,SEA,2024-03-17,20:10,D,Peoria Sports Complex,outdoor,1,2,9,7,5,4,AZSEA20240317D
CIN,CLE,2024-03-17,23:05,D,Goodyear Ballpark,outdoor,0,0,5,4,2,4,CINCLE20240317D
SD,LGT,2024-03-18,03:00,D,Gocheok Sky Dome,indoor,1,0,8,6,5,4,SDLGT20240318D
NYY,BOS,2024-03-17,17:05,D,JetBlue Park,outdoor,2,0,10,15,6,12,NYYBOS20240317D
TEX,CHC,2024-03-17,20:05,D,Sloan Park,outdoor,1,0,10,10,6,8,TEXCHC20240317D
MIL,KC,2024-03-17,23:05,N,Surprise Stadium,outdoor,1,0,10,10,6,4,MILKC20240317N
CWS,OAK,2024-03-17,20:05,D,Hohokam Stadium,outdoor,1,1,7,9,3,3,CWSOAK20240317D
KOR,SD,2024-03-17,10:00,N,Gocheok Sky Dome,indoor,0,0,5,4,0,1,KORSD20240317N
BOS,ATL,2024-03-17,17:05,D,CoolToday Park,outdoor,0,0,5,9,3,3,BOSATL20240317D
MIN,TOR,2024-03-17,17:07,D,TD Ballpark,outdoor,1,1,5,12,4,9,MINTOR20240317D
BOS,MIN,2024-03-18,17:05,D,CenturyLink Sports Complex,outdoor,0,0,7,9,2,5,BOSMIN20240318D
LAA,MIL,2024-03-18,20:10,D,American Family Fields of Phoenix,outdoor,0,3,5,9,3,4,LAAMIL20240318D
SF,CIN,2024-03-19,01:05,N,Goodyear Ballpark,outdoor,0,0,6,9,4,2,SFCIN20240319N
SEA,TEX,2024-03-18,20:05,D,Surprise Stadium,outdoor,0,0,13,11,9,5,SEATEX20240318D
OAK,AZ,2024-03-18,20:10,D,Salt River Fields at Talking Stick,outdoor,0,1,12,9,3,3,OAKAZ20240318D
HOU,MIA,2024-03-18,17:10,D,Roger Dean Stadium,outdoor,1,1,11,11,5,6,HOUMIA20240318D
WSH,HOU,2024-03-18,22:05,N,CACTI Park of the Palm Beaches,outdoor,0,3,13,5,10,1,WSHHOU20240318N
ATL,TB,2024-03-18,17:05,D,Charlotte Sports Park,outdoor,1,2,8,9,3,7,ATLTB20240318D
PIT,PHI,2024-03-18,17:05,D,BayCare Ballpark,outdoor,3,0,16,9,11,2,PITPHI20240318D
KOR,LAD,2024-03-18,10:00,N,Gocheok Sky Dome,indoor,0,1,5,6,2,5,KORLAD20240318N
CLE,CWS,2024-03-18,20:05,D,Camelback Ranch,outdoor,0,0,12,8,8,5,CLECWS20240318D
MIA,HOU,2024-03-19,22:05,N,CACTI Park of the Palm Beaches,outdoor,1,2,6,9,3,3,MIAHOU20240319N
AZ,CHC,2024-03-20,01:05,N,Sloan Park,outdoor,0,0,9,6,4,1,AZCHC20240320N
BAL,TOR,2024-03-19,17:07,D,TD Ballpark,outdoor,1,1,17,11,13,8,BALTOR20240319D
COL,SEA,2024-03-19,20:10,D,Peoria Sports Complex,outdoor,0,0,10,18,3,12,COLSEA20240319D
MIL,CLE,2024-03-19,20:05,D,Goodyear Ballpark,outdoor,0,0,6,11,8,5,MILCLE20240319D
CLE,COL,2024-03-19,20:10,D,Salt River Fields at Talking Stick,outdoor,4,1,11,12,8,8,CLECOL20240319D
PHI,DET,2024-03-19,22:05,N,Publix Field at Joker Marchant Stadium,outdoor,1,1,4,3,0,0,PHIDET20240319N
OAK,TEX,2024-03-19,20:05,D,Surprise Stadium,outdoor,4,0,9,8,7,7,OAKTEX20240319D
KC,SF,2024-03-20,02:05,N,Scottsdale Stadium,outdoor,1,1,13,9,8,9,KCSF20240320N
CIN,LAA,2024-03-19,20:10,D,Tempe Diablo Stadium,outdoor,0,0,9,12,6,10,CINLAA20240319D
MIA,STL,2024-03-19,17:05,D,Roger Dean Stadium,outdoor,1,2,13,9,10,11,MIASTL20240319D
STL,NYM,2024-03-19,22:10,N,Clover Park,outdoor,0,1,5,5,1,3,STLNYM20240319N
TB,BOS,2024-03-19,17:05,D,JetBlue Park,outdoor,0,0,6,10,2,5,TBBOS20240319D
SF,LAA,2024-03-20,20:10,D,Tempe Diablo Stadium,outdoor,0,0,10,7,5,2,SFLAA20240320D
LAA,KC,2024-03-21,01:05,N,Surprise Stadium,outdoor,0,1,9,10,8,8,LAAKC20240321N
DET,MIN,2024-03-20,17:05,D,CenturyLink Sports Complex,outdoor,0,1,14,7,12,3,DETMIN20240320D
PIT,NYY,2024-03-20,22:35,N,George M. Steinbrenner Field,outdoor,0,0,4,14,0,12,PITNYY20240320N
NYM,MIA,2024-03-20,17:10,D,Roger Dean Stadium,outdoor,3,0,8,4,6,3,NYMMIA20240320D
CHC,OAK,2024-03-20,20:05,D,Hohokam Stadium,outdoor,0,1,1,6,1,3,CHCOAK20240320D
PHI,BAL,2024-03-20,22:05,N,Ed Smith Stadium,outdoor,1,1,7,12,4,13,PHIBAL20240320N
CIN,CWS,2024-03-20,20:05,D,Camelback Ranch,outdoor,2,1,3,10,3,1,CINCWS20240320D
TOR,ATL,2024-03-20,17:05,D,CoolToday Park,outdoor,2,3,10,11,9,10,TORATL20240320D
COL,AZ,2024-03-20,20:10,D,Salt River Fields at Talking Stick,outdoor,0,1,3,7,1,5,COLAZ20240320D
TEX,CIN,2024-03-20,20:05,D,Goodyear Ballpark,outdoor,1,2,10,7,8,1,TEXCIN20240320D
LAD,SD,2024-03-20,10:05,N,Gocheok Sky Dome,indoor,0,2,7,4,5,2,LADSD20240320N
STL,WSH,2024-03-20,22:05,N,CACTI Park of the Palm Beaches,outdoor,0,3,15,10,13,4,STLWSH20240320N
MIN,WSH,2024-03-21,17:05,D,CACTI Park of the Palm Beaches,outdoor,1,1,13,9,8,9,MINWSH20240321D
BAL,BOS,2024-03-21,22:05,N,JetBlue Park,outdoor,0,1,6,8,2,3,BALBOS20240321N
NYY,ATL,2024-03-21,17:05,D,CoolToday Park,outdoor,2,1,5,9,2,5,NYYATL20240321D
CHC,COL,2024-03-21,20:10,D,Salt River Fields at Talking Stick,outdoor,0,1,9,5,5,2,CHCCOL20240321D
HOU,STL,2024-03-21,17:05,D,Roger Dean Stadium,outdoor,0,2,12,4,9,1,HOUSTL20240321D
CWS,KC,2024-03-21,20:05,D,Surprise Stadium,outdoor,0,0,9,8,3,3,CWSKC20240321D
KC,CLE,2024-03-21,20:05,D,Goodyear Ballpark,outdoor,1,1,6,14,5,8,KCCLE20240321D
SD,LAD,2024-03-21,10:05,N,Gocheok Sky Dome,indoor,0,2,18,16,15,11,SDLAD20240321N
TB,PHI,2024-03-21,17:05,D,BayCare Ballpark,outdoor,2,1,11,8,6,5,TBPHI20240321D
CIN,SEA,2024-03-22,01:40,N,Peoria Sports Complex,outdoor,1,1,8,6,6,7,CINSEA20240322N
SF,MIL,2024-03-22,01:10,N,American Family Fields of Phoenix,outdoor,2,1,9,5,7,6,SFMIL20240322N
NYM,DET,2024-03-21,17:05,D,Publix Field at Joker Marchant Stadium,outdoor,2,1,7,8,10,5,NYMDET20240321D
TOR,PIT,2024-03-21,22:05,N,LECOM Park,outdoor,0,0,8,5,3,2,TORPIT20240321N
SF,CHC,2024-03-22,20:05,D,Sloan Park,outdoor,0,1,10,7,7,3,SFCHC20240322D
OAK,CWS,2024-03-22,20:05,D,Camelback Ranch,outdoor,0,0,7,12,2,8,OAKCWS20240322D
ATL,MIN,2024-03-22,17:05,D,CenturyLink Sports Complex,outdoor,0,0,0,0,0,0,ATLMIN20240322D
BOS,TOR,2024-03-22,17:07,D,TD Ballpark,outdoor,0,0,3,7,1,5,BOSTOR20240322D
SEA,AZ,2024-03-22,20:10,D,Salt River Fields at Talking Stick,outdoor,3,1,9,6,3,3,SEAAZ20240322D
KC,MIL,2024-03-22,20:10,D,American Family Fields of Phoenix,outdoor,0,1,7,10,5,11,KCMIL20240322D
STL,MIA,2024-03-22,22:40,N,Roger Dean Stadium,outdoor,0,0,0,0,0,0,STLMIA20240322N
CWS,LAA,2024-03-22,20:10,D,Tempe Diablo Stadium,outdoor,0,0,5,5,0,2,CWSLAA20240322D
CIN,OAK,2024-03-22,20:05,D,Hohokam Stadium,outdoor,0,0,8,9,6,8,CINOAK20240322D
MIL,SEA,2024-03-22,20:10,D,Peoria Sports Complex,outdoor,3,2,5,7,4,4,MILSEA20240322D
TEX,CLE,2024-03-22,20:05,D,Goodyear Ballpark,outdoor,1,0,4,7,0,10,TEXCLE20240322D
CHC,SF,2024-03-22,20:05,D,Scottsdale Stadium,outdoor,3,0,14,15,12,13,CHCSF20240322D
PIT,BAL,2024-03-22,22:05,N,Ed Smith Stadium,outdoor,0,0,0,0,0,0,PITBAL20240322N
WSH,HOU,2024-03-22,22:05,N,CACTI Park of the Palm Beaches,outdoor,0,0,0,0,0,0,WSHHOU20240322N
MIN,TB,2024-03-22,17:05,D,Charlotte Sports Park,outdoor,0,0,0,0,0,0,MINTB20240322D
DET,PHI,2024-03-22,17:05,D,BayCare Ballpark,outdoor,1,0,6,7,4,3,DETPHI20240322D
NYM,NYY,2024-03-22,17:05,D,George M. Steinbrenner Field,outdoor,1,2,5,8,3,5,NYMNYY20240322D
COL,TEX,2024-03-22,20:05,D,Surprise Stadium,outdoor,0,1,10,6,3,2,COLTEX20240322D
LAA,OAK,2024-03-23,19:05,D,Hohokam Stadium,outdoor,1,1,9,13,5,11,LAAOAK20240323D
MIL,CHC,2024-03-23,20:05,D,Sloan Park,outdoor,1,0,10,7,7,4,MILCHC20240323D
BOS,PIT,2024-03-23,17:05,D,LECOM Park,outdoor,0,1,5,7,1,4,BOSPIT20240323D
TEX,KC,2024-03-23,19:05,D,Surprise Stadium,outdoor,0,0,8,6,1,1,TEXKC20240323D
TOR,BAL,2024-03-23,22:05,N,Ed Smith Stadium,outdoor,0,1,9,7,2,3,TORBAL20240323N
DET,TOR,2024-03-23,17:07,D,TD Ballpark,outdoor,1,2,9,14,10,7,DETTOR20240323D
CLE,AZ,2024-03-23,20:10,D,Salt River Fields at Talking Stick,outdoor,0,1,11,3,5,0,CLEAZ20240323D
BAL,TB,2024-03-23,17:05,D,Charlotte Sports Park,outdoor,1,0,11,8,6,4,BALTB20240323D
NYY,DET,2024-03-23,17:05,D,Publix Field at Joker Marchant Stadium,outdoor,1,0,10,13,6,11,NYYDET20240323D
MIN,BOS,2024-03-23,22:05,N,JetBlue Park,outdoor,2,1,7,12,6,8,MINBOS20240323N
COL,CIN,2024-03-23,20:05,D,Goodyear Ballpark,outdoor,0,1,6,13,2,6,COLCIN20240323D
SEA,CWS,2024-03-23,20:05,D,Camelback Ranch,outdoor,1,2,8,6,8,2,SEACWS20240323D
TB,ATL,2024-03-23,17:05,D,CoolToday Park,outdoor,0,2,9,5,5,2,TBATL20240323D
AZ,SF,2024-03-23,20:05,D,Scottsdale Stadium,outdoor,1,1,11,12,11,5,AZSF20240323D
MIA,WSH,2024-03-23,22:05,N,CACTI Park of the Palm Beaches,outdoor,0,0,10,11,5,3,MIAWSH20240323N
WSH,STL,2024-03-23,17:05,D,Roger Dean Stadium,outdoor,0,2,10,5,2,2,WSHSTL20240323D
PHI,NYY,2024-03-23,17:05,D,George M. Steinbrenner Field,outdoor,0,2,10,11,6,6,PHINYY20240323D
HOU,NYM,2024-03-23,17:10,D,Clover Park,outdoor,0,0,11,9,13,5,HOUNYM20240323D
NYM,MIA,2024-03-24,17:10,D,Roger Dean Stadium,outdoor,2,0,6,7,1,5,NYMMIA20240324D
ATL,BOS,2024-03-24,17:05,D,JetBlue Park,outdoor,0,1,8,11,5,5,ATLBOS20240324D
CHC,SEA,2024-03-24,20:10,D,Peoria Sports Complex,outdoor,0,0,14,14,9,9,CHCSEA20240324D
AZ,MIL,2024-03-24,20:10,D,American Family Fields of Phoenix,outdoor,1,1,9,17,4,14,AZMIL20240324D
CWS,COL,2024-03-24,20:10,D,Salt River Fields at Talking Stick,outdoor,0,2,6,9,3,7,CWSCOL20240324D
NYY,PIT,2024-03-24,17:05,D,LECOM Park,outdoor,0,0,4,5,1,0,NYYPIT20240324D
WSH,NYM,2024-03-24,17:10,D,Clover Park,outdoor,2,0,6,11,1,10,WSHNYM20240324D
SF,SACRAMENTO,2024-03-25,00:07,N,Sutter Health Park,outdoor,1,0,4,7,1,8,SFSACRAMENTO20240325N
BAL,MIN,2024-03-24,17:05,D,CenturyLink Sports Complex,outdoor,0,1,9,12,8,3,BALMIN20240324D
TOR,PHI,2024-03-24,17:05,D,BayCare Ballpark,outdoor,0,0,4,7,0,2,TORPHI20240324D
LAA,LAD,2024-03-24,23:10,D,Dodger Stadium,outdoor,0,0,10,6,3,5,LAALAD20240324D
STL,HOU,2024-03-24,16:05,D,CACTI Park of the Palm Beaches,outdoor,2,0,7,10,4,9,STLHOU20240324D
CLE,CIN,2024-03-24,20:05,D,Goodyear Ballpark,outdoor,0,2,15,9,10,7,CLECIN20240324D
TB,DET,2024-03-24,17:05,D,Publix Field at Joker Marchant Stadium,outdoor,0,1,8,8,2,3,TBDET20240324D
NYY,MEX,2024-03-24,20:00,D,Estadio Alfredo Harp Helu,outdoor,1,0,12,10,3,4,NYYMEX20240324D
SUG,HOU,2024-03-26,00:10,N,Minute Maid Park,retractable,0,1,5,4,3,1,SUGHOU20240326N
BOS,TEX,2024-03-26,00:05,N,Globe Life Field,retractable,1,1,9,5,9,2,BOSTEX20240326N
KC,NW ARKANSAS,2024-03-25,23:05,N,Arvest Ballpark,outdoor,0,0,9,7,7,1,KCNW ARKANSAS20240325N
NYY,MEX,2024-03-26,00:00,N,Estadio Alfredo Harp Helu,outdoor,1,0,11,9,5,8,NYYMEX20240326N
STL,CHC,2024-03-25,20:05,D,Sloan Park,outdoor,0,0,10,7,6,3,STLCHC20240325D
TOR,PIT,2024-03-25,17:05,D,LECOM Park,outdoor,1,1,9,10,3,4,TORPIT20240325D
SF,OAK,2024-03-26,01:40,N,Oakland Coliseum,outdoor,0,1,6,4,4,1,SFOAK20240326N
TB,PHI,2024-03-25,16:05,D,BayCare Ballpark,outdoor,1,2,9,7,6,3,TBPHI20240325D
CLE,AZ,2024-03-26,01:40,N,Chase Field,retractable,0,0,6,8,0,6,CLEAZ20240326N
MIN,ATL,2024-03-25,17:05,D,CoolToday Park,outdoor,0,0,6,5,0,4,MINATL20240325D
SEA,SD,2024-03-26,01:40,N,PETCO Park,outdoor,2,0,8,3,4,1,SEASD20240326N
COL,MIL,2024-03-25,20:10,D,American Family Fields of Phoenix,outdoor,1,3,6,15,1,10,COLMIL20240325D
LAA,LAD,2024-03-26,01:10,N,Dodger Stadium,outdoor,0,0,6,3,6,0,LAALAD20240326N
NYM,NYY,2024-03-25,17:05,D,George M. Steinbrenner Field,outdoor,0,2,2,8,0,3,NYMNYY20240325D
OAK,SF,2024-03-27,00:05,N,Oracle Park,outdoor,0,0,6,8,3,1,OAKSF20240327N
BOS,TEX,2024-03-26,18:05,D,Globe Life Field,retractable,1,0,8,6,4,1,BOSTEX20240326D
WNF,WSH,2024-03-26,16:05,D,Nationals Park,outdoor,1,0,10,17,1,13,WNFWSH20240326D
ATL,MIN,2024-03-26,17:05,D,CenturyLink Sports Complex,outdoor,0,0,9,12,6,9,ATLMIN20240326D
SEA,SD,2024-03-26,20:10,D,PETCO Park,outdoor,0,1,8,7,7,6,SEASD20240326D
SUG,HOU,2024-03-27,00:10,N,Minute Maid Park,retractable,1,0,7,8,3,7,SUGHOU20240327N
STL,CHC,2024-03-26,19:05,D,Sloan Park,outdoor,0,2,14,6,7,2,STLCHC20240326D
MIL,COL,2024-03-26,19:10,D,Salt River Fields at Talking Stick,outdoor,0,0,9,14,1,6,MILCOL20240326D
LAD,LAA,2024-03-27,01:07,N,Angel Stadium,outdoor,1,0,6,8,3,4,LADLAA20240327N
DET,TB,2024-03-26,16:35,D,Tropicana Field,indoor,1,0,3,5,3,3,DETTB20240326D
CLE,AZ,2024-03-26,19:40,D,Chase Field,retractable,2,2,4,7,1,6,CLEAZ20240326D
TOR,TB,2024-03-28,20:10,D,Tropicana Field,indoor,0,0,7,8,8,2,TORTB20240328D
LAA,BAL,2024-03-28,19:05,D,Oriole Park at Camden Yards,outdoor,1,1,2,10,3,11,LAABAL20240328D
WSH,CIN,2024-03-28,20:10,D,Great American Ball Park,outdoor,0,1,6,10,2,8,WSHCIN20240328D
MIN,KC,2024-03-28,20:10,D,Kauffman Stadium,outdoor,0,1,10,5,4,1,MINKC20240328D
MIL,NYM,2024-03-29,17:40,D,Citi Field,outdoor,0,0,8,1,3,1,MILNYM20240329D
PIT,MIA,2024-03-28,20:10,D,loanDepot park,retractable,1,1,9,8,6,5,PITMIA20240328D
STL,LAD,2024-03-28,20:10,D,Dodger Stadium,outdoor,0,1,3,10,1,7,STLLAD20240328D
NYY,HOU,2024-03-28,20:10,D,Minute Maid Park,retractable,0,0,8,13,5,4,NYYHOU20240328D
ATL,PHI,2024-03-29,19:05,D,Citizens Bank Park,outdoor,0,1,13,5,9,3,ATLPHI20240329D
DET,CWS,2024-03-28,20:10,D,Guaranteed Rate Field,outdoor,0,0,6,3,1,0,DETCWS20240328D
SF,SD,2024-03-28,20:10,D,PETCO Park,outdoor,1,0,9,9,4,6,SFSD20240328D
CLE,OAK,2024-03-29,02:07,N,Oakland Coliseum,outdoor,1,1,11,4,8,0,CLEOAK20240329N
COL,AZ,2024-03-29,02:10,N,Chase Field,retractable,0,0,4,18,1,16,COLAZ20240329N
CHC,TEX,2024-03-28,23:35,N,Globe Life Field,retractable,1,1,6,8,3,4,CHCTEX20240328N
BOS,SEA,2024-03-29,02:10,N,T-Mobile Park,retractable,0,1,11,8,6,4,BOSSEA20240329N
SF,SD,2024-03-30,01:40,N,PETCO Park,outdoor,0,1,13,9,8,3,SFSD20240330N
ATL,PHI,2024-03-29,19:05,D,Citizens Bank Park,outdoor,0,1,13,5,9,3,ATLPHI20240329D
COL,AZ,2024-03-30,01:40,N,Chase Field,retractable,1,0,7,14,3,7,COLAZ20240330N
NYY,HOU,2024-03-30,00:10,N,Minute Maid Park,retractable,0,2,12,7,7,1,NYYHOU20240330N
STL,LAD,2024-03-30,02:10,N,Dodger Stadium,outdoor,0,0,6,7,3,6,STLLAD20240330N
PIT,MIA,2024-03-29,23:10,N,loanDepot park,retractable,2,0,10,9,7,2,PITMIA20240329N
CLE,OAK,2024-03-30,01:40,N,Oakland Coliseum,outdoor,0,2,9,8,6,4,CLEOAK20240330N
TOR,TB,2024-03-29,22:50,N,Tropicana Field,indoor,3,1,6,10,2,8,TORTB20240329N
BOS,SEA,2024-03-30,01:40,N,T-Mobile Park,retractable,0,0,4,4,0,1,BOSSEA20240330N
MIL,NYM,2024-03-29,17:40,D,Citi Field,outdoor,0,0,8,1,3,1,MILNYM20240329D
CHC,TEX,2024-03-30,23:05,N,Globe Life Field,retractable,0,0,5,16,2,11,CHCTEX20240330N
LAA,BAL,2024-03-30,20:05,D,Oriole Park at Camden Yards,outdoor,1,1,9,14,4,13,LAABAL20240330D
WSH,CIN,2024-03-30,20:10,D,Great American Ball Park,outdoor,0,0,11,10,7,6,WSHCIN20240330D
ATL,PHI,2024-03-30,20:05,D,Citizens Bank Park,outdoor,0,1,18,8,12,4,ATLPHI20240330D
MIN,KC,2024-03-30,20:10,D,Kauffman Stadium,outdoor,0,2,7,5,5,1,MINKC20240330D
TOR,TB,2024-03-30,20:10,D,Tropicana Field,indoor,1,0,6,11,1,5,TORTB20240330D
PIT,MIA,2024-03-30,20:10,D,loanDepot park,retractable,1,1,16,5,9,3,PITMIA20240330D
NYY,HOU,2024-03-30,23:15,N,Minute Maid Park,retractable,3,1,8,4,5,3,NYYHOU20240330N
STL,LAD,2024-03-31,01:10,N,Dodger Stadium,outdoor,0,1,7,14,6,5,STLLAD20240331N
CLE,OAK,2024-03-30,20:07,D,Oakland Coliseum,outdoor,0,2,15,6,12,3,CLEOAK20240330D
BOS,SEA,2024-03-31,01:40,N,T-Mobile Park,retractable,2,0,7,7,3,4,BOSSEA20240331N
SF,SD,2024-03-30,23:15,D,PETCO Park,outdoor,0,1,9,7,9,6,SFSD20240330D
DET,CWS,2024-03-30,18:10,D,Guaranteed Rate Field,outdoor,2,0,12,10,7,6,DETCWS20240330D
MIL,NYM,2024-03-30,17:40,D,Citi Field,outdoor,0,2,15,12,7,6,MILNYM20240330D
COL,AZ,2024-03-31,00:10,N,Chase Field,retractable,0,1,10,8,9,4,COLAZ20240331N
COL,AZ,2024-03-31,20:10,D,Chase Field,retractable,3,0,8,5,1,5,COLAZ20240331D
LAA,BAL,2024-03-31,17:35,D,Oriole Park at Camden Yards,outdoor,1,1,6,3,4,1,LAABAL20240331D
NYY,HOU,2024-03-31,18:10,D,Minute Maid Park,retractable,1,0,10,12,4,3,NYYHOU20240331D
WSH,CIN,2024-03-31,17:40,D,Great American Ball Park,outdoor,0,0,9,14,5,6,WSHCIN20240331D
MIN,KC,2024-03-31,18:10,D,Kauffman Stadium,outdoor,1,0,4,14,0,11,MINKC20240331D
PIT,MIA,2024-03-31,17:40,D,loanDepot park,retractable,0,1,11,7,9,7,PITMIA20240331D
ATL,PHI,2024-03-31,17:35,D,Citizens Bank Park,outdoor,0,0,7,9,4,5,ATLPHI20240331D
CLE,OAK,2024-03-31,20:07,D,Oakland Coliseum,outdoor,0,3,7,9,3,4,CLEOAK20240331D
STL,LAD,2024-03-31,23:10,D,Dodger Stadium,outdoor,0,1,8,8,4,5,STLLAD20240331D
MIL,NYM,2024-03-31,17:40,D,Citi Field,outdoor,0,1,9,7,4,1,MILNYM20240331D
BOS,SEA,2024-03-31,20:10,D,T-Mobile Park,retractable,0,0,10,4,5,1,BOSSEA20240331D
TOR,TB,2024-03-31,17:40,D,Tropicana Field,indoor,1,1,10,3,9,2,TORTB20240331D
DET,CWS,2024-03-31,18:10,D,Guaranteed Rate Field,outdoor,0,1,8,5,3,2,DETCWS20240331D
CHC,TEX,2024-03-31,18:35,D,Globe Life Field,retractable,2,0,12,8,9,5,CHCTEX20240331D
SF,SD,2024-03-31,20:10,D,PETCO Park,outdoor,1,0,5,16,4,13,SFSD20240331D
COL,CHC,2024-04-01,18:20,D,Wrigley Field,outdoor,2,1,3,9,0,5,COLCHC20240401D
ATL,CWS,2024-04-01,18:10,D,Guaranteed Rate Field,outdoor,0,0,11,3,9,0,ATLCWS20240401D
SF,LAD,2024-04-02,02:10,N,Dodger Stadium,outdoor,0,1,8,9,3,8,SFLAD20240402N
CIN,PHI,2024-04-01,22:40,N,Citizens Bank Park,outdoor,0,0,8,7,6,3,CINPHI20240401N
NYY,AZ,2024-04-02,01:40,N,Chase Field,retractable,1,2,8,4,5,2,NYYAZ20240402N
BOS,OAK,2024-04-02,01:40,N,Oakland Coliseum,outdoor,0,5,9,4,9,0,BOSOAK20240402N
CLE,SEA,2024-04-02,01:40,N,T-Mobile Park,retractable,1,0,6,7,4,5,CLESEA20240402N
DET,NYM,2024-04-01,23:10,N,Citi Field,outdoor,0,1,4,5,5,0,DETNYM20240401N
TOR,HOU,2024-04-02,00:10,N,Minute Maid Park,retractable,0,0,0,12,0,10,TORHOU20240402N
TEX,TB,2024-04-01,22:50,N,Tropicana Field,indoor,0,1,8,5,9,3,TEXTB20240401N
KC,BAL,2024-04-01,22:35,N,Oriole Park at Camden Yards,outdoor,0,2,7,9,4,6,KCBAL20240401N
LAA,MIA,2024-04-01,22:40,N,loanDepot park,retractable,1,0,7,9,7,4,LAAMIA20240401N
STL,SD,2024-04-02,01:40,N,PETCO Park,outdoor,0,0,14,5,6,2,STLSD20240402N
PIT,WSH,2024-04-01,20:05,D,Nationals Park,outdoor,0,0,15,8,8,4,PITWSH20240401D
NYY,AZ,2024-04-03,01:40,N,Chase Field,retractable,1,0,3,11,0,7,NYYAZ20240403N
ATL,CWS,2024-04-02,23:40,N,Guaranteed Rate Field,outdoor,0,0,5,7,2,3,ATLCWS20240402N
COL,CHC,2024-04-02,23:40,N,Wrigley Field,outdoor,0,0,7,14,2,12,COLCHC20240402N
STL,SD,2024-04-03,01:40,N,PETCO Park,outdoor,0,1,6,9,5,2,STLSD20240403N
CIN,PHI,2024-04-02,22:40,N,Citizens Bank Park,outdoor,3,2,8,9,4,9,CINPHI20240402N
DET,NYM,2024-04-04,16:10,D,Citi Field,outdoor,0,0,9,6,6,3,DETNYM20240404D
TOR,HOU,2024-04-03,00:10,N,Minute Maid Park,retractable,1,0,8,8,2,1,TORHOU20240403N
BOS,OAK,2024-04-03,01:40,N,Oakland Coliseum,outdoor,0,0,12,7,5,4,BOSOAK20240403N
MIN,MIL,2024-04-02,20:10,D,American Family Field,retractable,0,1,3,7,2,3,MINMIL20240402D
CLE,SEA,2024-04-03,01:40,N,T-Mobile Park,retractable,1,2,12,9,5,2,CLESEA20240403N
TEX,TB,2024-04-02,22:50,N,Tropicana Field,indoor,1,0,7,7,2,5,TEXTB20240402N
KC,BAL,2024-04-02,22:35,N,Oriole Park at Camden Yards,outdoor,0,0,8,3,4,1,KCBAL20240402N
BOS,OAK,2024-04-03,19:37,D,Oakland Coliseum,outdoor,2,0,10,8,1,0,BOSOAK20240403D
SF,LAD,2024-04-04,02:10,N,Dodger Stadium,outdoor,0,0,5,9,4,5,SFLAD20240404N
STL,SD,2024-04-03,20:10,D,PETCO Park,outdoor,0,1,6,7,2,3,STLSD20240403D
CIN,PHI,2024-04-03,20:05,D,Citizens Bank Park,outdoor,0,1,7,6,4,1,CINPHI20240403D
KC,BAL,2024-04-03,17:05,D,Oriole Park at Camden Yards,outdoor,0,0,10,6,3,4,KCBAL20240403D
MIN,MIL,2024-04-03,17:10,D,American Family Field,retractable,0,0,11,7,7,3,MINMIL20240403D
ATL,CWS,2024-06-27,20:10,D,Guaranteed Rate Field,outdoor,0,0,0,0,0,0,ATLCWS20240627D
TOR,HOU,2024-04-04,00:10,N,Minute Maid Park,retractable,0,0,1,15,0,8,TORHOU20240404N
PIT,WSH,2024-04-03,22:45,N,Nationals Park,outdoor,1,1,4,10,3,5,PITWSH20240403N
TEX,TB,2024-04-03,17:10,D,Tropicana Field,indoor,0,0,10,8,4,1,TEXTB20240403D
COL,CHC,2024-04-03,23:40,N,Wrigley Field,outdoor,1,2,11,10,8,9,COLCHC20240403N
DET,NYM,2024-04-04,20:20,D,Citi Field,outdoor,0,1,5,3,1,2,DETNYM20240404D
CLE,SEA,2024-04-03,20:10,D,T-Mobile Park,retractable,0,0,11,5,8,0,CLESEA20240403D
LAA,MIA,2024-04-03,17:10,D,loanDepot park,retractable,0,1,12,4,10,2,LAAMIA20240403D
NYY,AZ,2024-04-03,19:40,D,Chase Field,retractable,1,1,8,9,6,5,NYYAZ20240403D
DET,NYM,2024-04-04,20:20,D,Citi Field,outdoor,0,1,5,3,1,2,DETNYM20240404D
CLE,MIN,2024-04-04,20:10,D,Target Field,outdoor,1,1,7,7,4,2,CLEMIN20240404D
PIT,WSH,2024-04-04,20:05,D,Nationals Park,outdoor,1,0,11,8,7,4,PITWSH20240404D
MIA,STL,2024-04-04,20:15,D,Busch Stadium,outdoor,2,0,9,10,5,8,MIASTL20240404D
DET,NYM,2024-04-04,16:10,D,Citi Field,outdoor,0,0,9,6,6,3,DETNYM20240404D
CWS,KC,2024-04-04,23:40,N,Kauffman Stadium,outdoor,1,1,8,10,1,10,CWSKC20240404N
BOS,LAA,2024-04-06,01:38,N,Angel Stadium,outdoor,3,0,9,6,8,6,BOSLAA20240406N
SD,SF,2024-04-05,20:35,D,Oracle Park,outdoor,0,1,6,5,2,3,SDSF20240405D
SEA,MIL,2024-04-06,00:10,N,American Family Field,retractable,0,0,8,8,5,6,SEAMIL20240406N
TB,COL,2024-04-05,20:10,D,Coors Field,outdoor,0,1,13,12,7,10,TBCOL20240405D
NYM,CIN,2024-04-05,22:40,N,Great American Ball Park,outdoor,2,1,4,7,3,2,NYMCIN20240405N
BAL,PIT,2024-04-05,20:12,D,PNC Park,outdoor,0,0,12,6,5,2,BALPIT20240405D
HOU,TEX,2024-04-06,00:05,N,Globe Life Field,retractable,0,1,3,16,2,10,HOUTEX20240406N
CWS,KC,2024-04-05,23:40,N,Kauffman Stadium,outdoor,0,0,4,7,1,2,CWSKC20240405N
LAD,CHC,2024-04-05,18:20,D,Wrigley Field,outdoor,0,0,12,9,7,9,LADCHC20240405D
OAK,DET,2024-04-05,17:10,D,Comerica Park,outdoor,1,0,5,8,4,5,OAKDET20240405D
AZ,ATL,2024-04-05,23:20,N,Truist Park,outdoor,2,0,9,12,5,6,AZATL20240405N
TOR,NYY,2024-04-05,17:05,D,Yankee Stadium,outdoor,0,1,7,6,3,0,TORNYY20240405D
PHI,WSH,2024-04-05,22:45,N,Nationals Park,outdoor,0,1,9,2,4,0,PHIWSH20240405N
SEA,MIL,2024-04-06,23:10,N,American Family Field,retractable,0,0,10,5,5,3,SEAMIL20240406N
CWS,KC,2024-04-06,23:10,N,Kauffman Stadium,outdoor,0,0,3,10,0,3,CWSKC20240406N
SD,SF,2024-04-07,01:05,N,Oracle Park,outdoor,0,0,5,4,4,0,SDSF20240407N
CLE,MIN,2024-04-06,18:10,D,Target Field,outdoor,1,0,7,2,3,1,CLEMIN20240406D
AZ,ATL,2024-04-06,23:20,N,Truist Park,outdoor,2,1,12,15,8,9,AZATL20240406N
NYM,CIN,2024-04-06,20:10,D,Great American Ball Park,outdoor,2,1,11,8,6,9,NYMCIN20240406D
PHI,WSH,2024-04-06,20:05,D,Nationals Park,outdoor,1,0,9,4,5,2,PHIWSH20240406D
TOR,NYY,2024-04-06,23:05,N,Yankee Stadium,outdoor,1,0,12,10,8,9,TORNYY20240406N
LAD,CHC,2024-04-06,20:05,D,Wrigley Field,outdoor,1,1,9,7,4,1,LADCHC20240406D
BAL,PIT,2024-04-06,20:05,D,PNC Park,outdoor,0,1,4,11,4,5,BALPIT20240406D
BOS,LAA,2024-04-07,01:38,N,Angel Stadium,outdoor,1,0,3,6,1,2,BOSLAA20240407N
MIA,STL,2024-04-06,18:15,D,Busch Stadium,outdoor,2,0,8,8,1,3,MIASTL20240406D
OAK,DET,2024-04-06,17:10,D,Comerica Park,outdoor,1,0,5,5,4,0,OAKDET20240406D
HOU,TEX,2024-04-06,23:05,N,Globe Life Field,retractable,0,1,8,15,2,7,HOUTEX20240406N
TB,COL,2024-04-07,00:10,N,Coors Field,outdoor,0,0,9,11,8,6,TBCOL20240407N
TB,COL,2024-04-07,19:10,D,Coors Field,outdoor,0,0,8,7,3,2,TBCOL20240407D
MIA,STL,2024-04-07,18:15,D,Busch Stadium,outdoor,0,2,13,5,10,3,MIASTL20240407D
HOU,TEX,2024-04-07,23:10,N,Globe Life Field,retractable,0,0,4,2,3,1,HOUTEX20240407N
SEA,MIL,2024-04-07,18:10,D,American Family Field,retractable,0,1,8,14,4,12,SEAMIL20240407D
OAK,DET,2024-04-07,17:40,D,Comerica Park,outdoor,0,0,14,7,7,1,OAKDET20240407D
PHI,WSH,2024-04-07,17:35,D,Nationals Park,outdoor,1,0,5,8,2,3,PHIWSH20240407D
NYM,CIN,2024-04-07,17:40,D,Great American Ball Park,outdoor,0,1,9,3,3,1,NYMCIN20240407D
AZ,ATL,2024-04-07,17:35,D,Truist Park,outdoor,1,0,5,7,2,5,AZATL20240407D
CLE,MIN,2024-08-09,18:10,D,Target Field,outdoor,0,0,0,0,0,0,CLEMIN20240809D
LAD,CHC,2024-04-07,18:20,D,Wrigley Field,outdoor,1,0,4,9,1,8,LADCHC20240407D
BOS,LAA,2024-04-07,20:07,D,Angel Stadium,outdoor,0,0,12,8,12,2,BOSLAA20240407D
CWS,KC,2024-04-07,18:10,D,Kauffman Stadium,outdoor,3,1,12,5,3,5,CWSKC20240407D
SD,SF,2024-04-07,20:05,D,Oracle Park,outdoor,2,0,11,6,2,3,SDSF20240407D
BAL,PIT,2024-04-07,17:35,D,PNC Park,outdoor,2,2,6,7,2,3,BALPIT20240407D
TOR,NYY,2024-04-07,17:35,D,Yankee Stadium,outdoor,0,2,5,8,3,8,TORNYY20240407D
NYM,ATL,2024-04-08,23:20,N,Truist Park,outdoor,0,0,11,12,8,7,NYMATL20240408N
DET,PIT,2024-04-08,22:40,N,PNC Park,outdoor,1,1,9,12,4,7,DETPIT20240408N
TB,LAA,2024-04-09,01:38,N,Angel Stadium,outdoor,0,0,8,14,1,7,TBLAA20240409N
CWS,CLE,2024-04-08,21:10,N,Progressive Field,outdoor,3,0,4,10,0,4,CWSCLE20240408N
MIA,NYY,2024-04-08,22:05,D,Yankee Stadium,outdoor,0,0,2,9,0,7,MIANYY20240408D
WSH,SF,2024-04-09,01:45,N,Oracle Park,outdoor,1,1,10,6,8,1,WSHSF20240409N
LAD,MIN,2024-04-08,23:40,N,Target Field,outdoor,0,0,10,3,4,2,LADMIN20240408N
SEA,TOR,2024-04-08,23:07,N,Rogers Centre,retractable,1,0,7,11,2,5,SEATOR20240408N
HOU,TEX,2024-04-09,00:05,N,Globe Life Field,retractable,0,0,11,8,10,5,HOUTEX20240409N
PHI,STL,2024-04-08,23:45,N,Busch Stadium,outdoor,0,1,10,6,5,3,PHISTL20240408N
AZ,COL,2024-04-09,00:40,N,Coors Field,outdoor,0,1,7,13,5,7,AZCOL20240409N
MIL,CIN,2024-04-08,22:40,N,Great American Ball Park,outdoor,3,1,12,10,8,10,MILCIN20240408N
CHC,SD,2024-04-09,01:40,N,PETCO Park,outdoor,1,0,8,9,8,9,CHCSD20240409N
WSH,SF,2024-04-10,01:45,N,Oracle Park,outdoor,1,0,8,10,5,3,WSHSF20240410N
SEA,TOR,2024-04-09,23:07,N,Rogers Centre,retractable,2,0,6,11,3,5,SEATOR20240409N
CHC,SD,2024-04-10,02:05,N,PETCO Park,outdoor,0,0,9,4,5,1,CHCSD20240410N
MIA,NYY,2024-04-09,23:05,N,Yankee Stadium,outdoor,2,1,5,7,2,3,MIANYY20240409N
CWS,CLE,2024-04-09,22:10,N,Progressive Field,outdoor,0,0,12,8,7,5,CWSCLE20240409N
NYM,ATL,2024-04-09,23:20,N,Truist Park,outdoor,1,1,12,11,5,6,NYMATL20240409N
MIL,CIN,2024-04-09,22:40,N,Great American Ball Park,outdoor,1,1,13,10,9,5,MILCIN20240409N
DET,PIT,2024-04-09,16:35,D,PNC Park,outdoor,0,1,9,8,5,3,DETPIT20240409D
LAD,MIN,2024-04-09,23:40,N,Target Field,outdoor,0,0,9,6,6,3,LADMIN20240409N
AZ,COL,2024-04-10,00:40,N,Coors Field,outdoor,0,0,9,8,3,2,AZCOL20240410N
TB,LAA,2024-04-10,01:38,N,Angel Stadium,outdoor,1,1,11,7,6,4,TBLAA20240410N
HOU,KC,2024-04-09,23:40,N,Kauffman Stadium,outdoor,1,1,13,7,3,4,HOUKC20240409N
OAK,TEX,2024-04-10,00:05,N,Globe Life Field,retractable,0,0,5,7,4,3,OAKTEX20240410N
PHI,STL,2024-04-09,23:45,N,Busch Stadium,outdoor,0,0,8,7,0,3,PHISTL20240409N
BAL,BOS,2024-04-09,18:10,D,Fenway Park,outdoor,0,2,13,2,7,1,BALBOS20240409D
BAL,BOS,2024-04-10,23:10,N,Fenway Park,outdoor,0,2,9,8,7,5,BALBOS20240410N
MIL,CIN,2024-04-10,22:40,N,Great American Ball Park,outdoor,0,1,6,4,7,2,MILCIN20240410N
NYM,ATL,2024-09-26,23:20,N,Truist Park,outdoor,0,0,0,0,0,0,NYMATL20240926N
CHC,SD,2024-04-10,22:40,D,PETCO Park,outdoor,0,1,3,12,2,10,CHCSD20240410D
AZ,COL,2024-04-10,19:10,D,Coors Field,outdoor,2,0,10,6,5,3,AZCOL20240410D
WSH,SF,2024-04-10,19:45,D,Oracle Park,outdoor,0,0,4,12,1,7,WSHSF20240410D
CWS,CLE,2024-04-10,22:10,N,Progressive Field,outdoor,1,2,10,8,6,7,CWSCLE20240410N
OAK,TEX,2024-04-11,00:05,N,Globe Life Field,retractable,0,1,9,12,2,6,OAKTEX20240411N
HOU,KC,2024-04-10,23:40,N,Kauffman Stadium,outdoor,1,1,9,11,2,11,HOUKC20240410N
PHI,STL,2024-04-10,17:15,D,Busch Stadium,outdoor,0,2,8,7,4,3,PHISTL20240410D
SEA,TOR,2024-04-10,19:07,D,Rogers Centre,retractable,0,0,6,6,6,1,SEATOR20240410D
MIA,NYY,2024-04-10,23:05,N,Yankee Stadium,outdoor,0,1,6,6,5,2,MIANYY20240410N
LAD,MIN,2024-04-10,17:10,D,Target Field,outdoor,0,0,9,6,2,3,LADMIN20240410D
TB,LAA,2024-04-10,20:07,D,Angel Stadium,outdoor,0,0,7,9,4,2,TBLAA20240410D
MIN,DET,2024-04-13,21:05,N,Comerica Park,outdoor,0,0,7,4,4,1,MINDET20240413N
OAK,TEX,2024-04-11,18:35,D,Globe Life Field,retractable,0,0,4,1,1,0,OAKTEX20240411D
BAL,BOS,2024-04-11,23:10,N,Fenway Park,outdoor,0,1,9,8,9,4,BALBOS20240411N
NYM,ATL,2024-04-11,16:20,D,Truist Park,outdoor,0,2,16,10,16,4,NYMATL20240411D
HOU,KC,2024-04-11,18:10,D,Kauffman Stadium,outdoor,1,1,11,16,3,13,HOUKC20240411D
MIL,CIN,2024-08-30,16:40,D,Great American Ball Park,outdoor,0,0,0,0,0,0,MILCIN20240830D
PIT,PHI,2024-04-11,22:40,N,Citizens Bank Park,outdoor,1,0,7,7,1,5,PITPHI20240411N
CHC,SEA,2024-04-13,01:40,N,T-Mobile Park,retractable,0,2,4,6,2,4,CHCSEA20240413N
SF,TB,2024-04-12,22:50,N,Tropicana Field,indoor,2,2,6,6,1,2,SFTB20240412N
KC,NYM,2024-04-12,23:10,N,Citi Field,outdoor,0,0,3,14,1,6,KCNYM20240412N
STL,AZ,2024-04-13,01:40,N,Chase Field,retractable,2,0,14,9,9,6,STLAZ20240413N
CIN,CWS,2024-04-12,23:40,N,Guaranteed Rate Field,outdoor,0,0,12,4,11,1,CINCWS20240412N
ATL,MIA,2024-04-12,23:10,N,loanDepot park,retractable,0,0,14,6,8,1,ATLMIA20240412N
MIL,BAL,2024-04-12,23:05,N,Oriole Park at Camden Yards,outdoor,0,1,15,6,11,1,MILBAL20240412N
SD,LAD,2024-04-13,02:10,N,Dodger Stadium,outdoor,2,0,10,7,8,7,SDLAD20240413N
MIN,DET,2024-04-12,22:40,N,Comerica Park,outdoor,1,0,6,10,2,8,MINDET20240412N
TEX,HOU,2024-04-13,00:10,N,Minute Maid Park,retractable,0,2,12,11,12,8,TEXHOU20240413N
PIT,PHI,2024-04-12,22:40,N,Citizens Bank Park,outdoor,0,2,9,7,5,2,PITPHI20240412N
COL,TOR,2024-04-12,23:07,N,Rogers Centre,retractable,1,0,20,11,12,4,COLTOR20240412N
WSH,OAK,2024-04-13,01:40,N,Oakland Coliseum,outdoor,1,1,8,3,1,2,WSHOAK20240413N
LAA,BOS,2024-04-12,23:10,N,Fenway Park,outdoor,0,3,12,3,7,0,LAABOS20240412N
NYY,CLE,2024-04-13,16:10,D,Progressive Field,outdoor,1,0,10,5,3,2,NYYCLE20240413D
PIT,PHI,2024-04-13,20:05,D,Citizens Bank Park,outdoor,0,1,5,9,3,4,PITPHI20240413D
ATL,MIA,2024-04-13,20:10,D,loanDepot park,retractable,0,1,6,8,1,5,ATLMIA20240413D
CIN,CWS,2024-04-13,18:10,D,Guaranteed Rate Field,outdoor,0,0,4,2,5,0,CINCWS20240413D
SF,TB,2024-04-13,20:10,D,Tropicana Field,indoor,0,0,13,8,11,2,SFTB20240413D
NYY,CLE,2024-04-13,22:10,N,Progressive Field,outdoor,0,1,9,7,8,2,NYYCLE20240413N
MIN,DET,2024-04-13,17:10,D,Comerica Park,outdoor,2,2,8,8,11,5,MINDET20240413D
STL,AZ,2024-04-14,00:10,N,Chase Field,retractable,0,1,11,6,2,4,STLAZ20240414N
TEX,HOU,2024-04-13,20:05,D,Minute Maid Park,retractable,0,0,8,14,2,9,TEXHOU20240413D
CHC,SEA,2024-04-14,01:40,N,T-Mobile Park,retractable,1,1,6,6,4,1,CHCSEA20240414N
LAA,BOS,2024-04-13,20:10,D,Fenway Park,outdoor,1,0,8,11,2,7,LAABOS20240413D
KC,NYM,2024-04-13,17:40,D,Citi Field,outdoor,0,1,13,9,11,7,KCNYM20240413D
SD,LAD,2024-04-14,01:10,N,Dodger Stadium,outdoor,2,0,7,8,2,5,SDLAD20240414N
NYY,CLE,2024-04-13,16:10,D,Progressive Field,outdoor,1,0,10,5,3,2,NYYCLE20240413D
WSH,OAK,2024-04-13,20:07,D,Oakland Coliseum,outdoor,0,0,10,8,3,1,WSHOAK20240413D
MIL,BAL,2024-04-13,20:05,D,Oriole Park at Camden Yards,outdoor,0,2,15,12,11,5,MILBAL20240413D
COL,TOR,2024-04-13,19:07,D,Rogers Centre,retractable,0,0,7,9,3,5,COLTOR20240413D
MIN,DET,2024-04-13,21:05,N,Comerica Park,outdoor,0,0,7,4,4,1,MINDET20240413N
SF,TB,2024-04-14,17:40,D,Tropicana Field,indoor,0,0,10,10,4,9,SFTB20240414D
TEX,HOU,2024-04-14,18:10,D,Minute Maid Park,retractable,0,0,10,10,5,8,TEXHOU20240414D
MIN,DET,2024-04-14,17:40,D,Comerica Park,outdoor,0,0,6,8,3,4,MINDET20240414D
COL,TOR,2024-04-14,17:37,D,Rogers Centre,retractable,1,1,2,12,0,5,COLTOR20240414D
CHC,SEA,2024-04-14,20:10,D,T-Mobile Park,retractable,0,1,8,5,3,2,CHCSEA20240414D
WSH,OAK,2024-04-14,20:07,D,Oakland Coliseum,outdoor,0,0,12,11,6,7,WSHOAK20240414D
ATL,MIA,2024-04-14,17:40,D,loanDepot park,retractable,0,1,12,9,9,7,ATLMIA20240414D
CIN,CWS,2024-04-14,18:10,D,Guaranteed Rate Field,outdoor,1,4,10,8,11,4,CINCWS20240414D
LAA,BOS,2024-04-14,17:35,D,Fenway Park,outdoor,0,0,9,7,4,5,LAABOS20240414D
STL,AZ,2024-04-14,20:10,D,Chase Field,retractable,0,0,4,7,0,5,STLAZ20240414D
PIT,PHI,2024-04-14,17:35,D,Citizens Bank Park,outdoor,1,2,10,8,9,2,PITPHI20240414D
KC,NYM,2024-04-14,17:40,D,Citi Field,outdoor,1,0,3,8,1,2,KCNYM20240414D
MIL,BAL,2024-04-14,17:35,D,Oriole Park at Camden Yards,outdoor,0,1,12,11,4,6,MILBAL20240414D
SD,LAD,2024-04-14,23:10,D,Dodger Stadium,outdoor,0,1,8,6,6,3,SDLAD20240414D
NYY,CLE,2024-04-14,17:40,D,Progressive Field,outdoor,2,0,12,9,7,8,NYYCLE20240414D
TEX,DET,2024-04-15,22:40,N,Comerica Park,outdoor,1,0,7,5,1,0,TEXDET20240415N
MIN,BAL,2024-04-15,22:35,N,Oriole Park at Camden Yards,outdoor,1,0,11,12,4,7,MINBAL20240415N
CIN,SEA,2024-04-16,01:42,N,T-Mobile Park,retractable,0,0,7,10,3,9,CINSEA20240416N
PIT,NYM,2024-04-15,23:10,N,Citi Field,outdoor,1,0,3,8,3,6,PITNYM20240415N
SF,MIA,2024-04-15,22:40,N,loanDepot park,retractable,2,0,8,10,4,3,SFMIA20240415N
WSH,LAD,2024-04-16,02:10,N,Dodger Stadium,outdoor,1,0,8,9,6,4,WSHLAD20240416N
KC,CWS,2024-04-15,23:40,N,Guaranteed Rate Field,outdoor,0,0,5,4,2,0,KCCWS20240415N
ATL,HOU,2024-04-16,00:10,N,Minute Maid Park,retractable,0,1,11,7,6,1,ATLHOU20240416N
CLE,BOS,2024-04-15,15:10,D,Fenway Park,outdoor,0,1,9,3,6,0,CLEBOS20240415D
STL,OAK,2024-04-16,01:40,N,Oakland Coliseum,outdoor,0,0,8,5,3,1,STLOAK20240416N
NYY,TOR,2024-04-15,23:07,N,Rogers Centre,retractable,0,0,4,4,1,3,NYYTOR20240415N
LAA,TB,2024-04-15,22:50,N,Tropicana Field,indoor,0,0,13,6,7,3,LAATB20240415N
COL,PHI,2024-04-15,22:40,N,Citizens Bank Park,outdoor,0,0,5,6,1,2,COLPHI20240415N
SD,MIL,2024-04-15,23:40,N,American Family Field,retractable,0,2,12,10,7,3,SDMIL20240415N
CHC,AZ,2024-04-16,01:40,N,Chase Field,retractable,0,0,9,3,3,2,CHCAZ20240416N
PIT,NYM,2024-04-16,23:10,N,Citi Field,outdoor,0,1,5,4,1,3,PITNYM20240416N
KC,CWS,2024-04-17,21:25,D,Guaranteed Rate Field,outdoor,0,1,5,6,1,2,KCCWS20240417D
CHC,AZ,2024-04-17,01:40,N,Chase Field,retractable,2,0,14,12,11,12,CHCAZ20240417N
TEX,DET,2024-04-16,17:10,D,Comerica Park,outdoor,1,0,6,5,2,4,TEXDET20240416D
CLE,BOS,2024-04-16,23:10,N,Fenway Park,outdoor,0,1,14,11,10,7,CLEBOS20240416N
CIN,SEA,2024-04-17,01:40,N,T-Mobile Park,retractable,0,1,4,8,1,3,CINSEA20240417N
STL,OAK,2024-04-17,01:40,N,Oakland Coliseum,outdoor,1,1,4,5,3,2,STLOAK20240417N
MIN,BAL,2024-04-16,22:35,N,Oriole Park at Camden Yards,outdoor,0,0,7,15,3,11,MINBAL20240416N
COL,PHI,2024-04-16,22:40,N,Citizens Bank Park,outdoor,0,0,7,7,0,5,COLPHI20240416N
LAA,TB,2024-04-16,22:50,N,Tropicana Field,indoor,1,1,6,7,6,7,LAATB20240416N
NYY,TOR,2024-04-16,23:07,N,Rogers Centre,retractable,1,0,6,8,4,5,NYYTOR20240416N
WSH,LAD,2024-04-17,02:10,N,Dodger Stadium,outdoor,0,0,6,13,2,6,WSHLAD20240417N
ATL,HOU,2024-04-17,00:10,N,Minute Maid Park,retractable,0,0,11,7,6,2,ATLHOU20240417N
SF,MIA,2024-04-16,22:40,N,loanDepot park,retractable,1,1,9,8,3,6,SFMIA20240416N
NYY,TOR,2024-04-17,19:07,D,Rogers Centre,retractable,0,0,11,9,6,4,NYYTOR20240417D
KC,CWS,2024-04-17,21:25,D,Guaranteed Rate Field,outdoor,0,1,5,6,1,2,KCCWS20240417D
MIN,BAL,2024-04-17,17:05,D,Oriole Park at Camden Yards,outdoor,0,0,5,8,2,4,MINBAL20240417D
SF,MIA,2024-04-17,16:10,D,loanDepot park,retractable,0,0,9,6,3,1,SFMIA20240417D
TEX,DET,2024-04-17,17:10,D,Comerica Park,outdoor,1,3,7,7,5,4,TEXDET20240417D
CHC,AZ,2024-04-17,19:40,D,Chase Field,retractable,1,3,9,7,5,3,CHCAZ20240417D
COL,PHI,2024-04-17,22:05,N,Citizens Bank Park,outdoor,0,0,12,12,6,7,COLPHI20240417N
WSH,LAD,2024-04-17,19:10,D,Dodger Stadium,outdoor,0,0,4,5,2,0,WSHLAD20240417D
CIN,SEA,2024-04-17,20:10,D,T-Mobile Park,retractable,0,0,1,7,1,5,CINSEA20240417D
CLE,BOS,2024-04-17,23:10,N,Fenway Park,outdoor,0,0,3,5,0,2,CLEBOS20240417N
KC,CWS,2024-04-17,18:10,D,Guaranteed Rate Field,outdoor,0,0,7,5,4,2,KCCWS20240417D
SD,MIL,2024-04-17,17:10,D,American Family Field,retractable,0,0,5,3,0,1,SDMIL20240417D
ATL,HOU,2024-04-17,18:10,D,Minute Maid Park,retractable,1,2,7,9,5,4,ATLHOU20240417D
STL,OAK,2024-04-17,19:37,D,Oakland Coliseum,outdoor,0,0,6,10,3,6,STLOAK20240417D
LAA,TB,2024-04-17,22:50,N,Tropicana Field,indoor,1,0,12,11,5,4,LAATB20240417N
PIT,NYM,2024-04-17,17:10,D,Citi Field,outdoor,0,2,5,10,1,9,PITNYM20240417D
TEX,DET,2024-04-18,17:10,D,Comerica Park,outdoor,0,3,13,11,9,7,TEXDET20240418D
LAA,TB,2024-04-18,17:10,D,Tropicana Field,indoor,0,1,6,5,1,2,LAATB20240418D
CLE,BOS,2024-04-18,17:35,D,Fenway Park,outdoor,2,2,8,6,5,4,CLEBOS20240418D
MIA,CHC,2024-04-20,23:40,N,Wrigley Field,outdoor,0,1,8,7,3,5,MIACHC20240420N
AZ,SF,2024-04-19,01:45,N,Oracle Park,outdoor,1,0,3,8,0,5,AZSF20240419N
HOU,WSH,2024-04-19,22:45,N,Nationals Park,outdoor,0,0,13,8,5,3,HOUWSH20240419N
TOR,SD,2024-04-20,01:40,N,PETCO Park,outdoor,0,1,11,5,5,1,TORSD20240420N
BOS,PIT,2024-04-19,22:40,N,PNC Park,outdoor,1,1,12,4,8,1,BOSPIT20240419N
CWS,PHI,2024-04-19,22:40,N,Citizens Bank Park,outdoor,0,0,2,7,0,7,CWSPHI20240419N
TEX,ATL,2024-04-19,23:20,N,Truist Park,outdoor,0,0,6,6,3,8,TEXATL20240419N
OAK,CLE,2024-04-19,23:10,N,Progressive Field,outdoor,1,0,6,9,2,10,OAKCLE20240419N
AZ,SF,2024-04-20,02:15,N,Oracle Park,outdoor,0,1,22,4,17,1,AZSF20240420N
SEA,COL,2024-04-22,00:10,N,Coors Field,outdoor,1,1,13,6,10,2,SEACOL20240422N
MIA,CHC,2024-04-19,18:20,D,Wrigley Field,outdoor,0,1,6,10,3,8,MIACHC20240419D
TB,NYY,2024-04-19,23:05,N,Yankee Stadium,outdoor,2,0,14,5,3,5,TBNYY20240419N
LAA,CIN,2024-04-19,22:40,N,Great American Ball Park,outdoor,1,1,7,5,1,7,LAACIN20240419N
DET,MIN,2024-04-20,00:10,N,Target Field,outdoor,1,2,12,5,5,4,DETMIN20240420N
MIL,STL,2024-04-20,00:15,N,Busch Stadium,outdoor,0,0,5,5,2,1,MILSTL20240420N
NYM,LAD,2024-04-20,02:10,N,Dodger Stadium,outdoor,3,2,14,6,9,4,NYMLAD20240420N
BAL,KC,2024-04-20,23:10,N,Kauffman Stadium,outdoor,1,0,15,8,9,7,BALKC20240420N
BOS,PIT,2024-04-20,20:05,D,PNC Park,outdoor,0,1,6,9,4,2,BOSPIT20240420D
NYM,LAD,2024-04-20,20:05,D,Dodger Stadium,outdoor,0,1,8,6,6,4,NYMLAD20240420D
SEA,COL,2024-04-21,00:10,N,Coors Field,outdoor,0,2,16,3,7,0,SEACOL20240421N
HOU,WSH,2024-04-20,20:05,D,Nationals Park,outdoor,2,0,10,9,4,5,HOUWSH20240420D
CWS,PHI,2024-04-20,22:05,N,Citizens Bank Park,outdoor,1,0,7,12,5,9,CWSPHI20240420N
DET,MIN,2024-04-20,18:10,D,Target Field,outdoor,2,0,5,7,3,4,DETMIN20240420D
MIA,CHC,2024-04-20,18:20,D,Wrigley Field,outdoor,1,0,8,7,3,2,MIACHC20240420D
TEX,ATL,2024-04-20,23:20,N,Truist Park,outdoor,0,0,5,8,2,5,TEXATL20240420N
TOR,SD,2024-04-21,00:40,N,PETCO Park,outdoor,0,1,8,9,5,2,TORSD20240421N
OAK,CLE,2024-04-20,22:10,N,Progressive Field,outdoor,0,1,6,14,3,6,OAKCLE20240420N
AZ,SF,2024-04-20,20:05,D,Oracle Park,outdoor,0,1,7,16,3,7,AZSF20240420D
MIA,CHC,2024-04-20,23:40,N,Wrigley Field,outdoor,0,1,8,7,3,5,MIACHC20240420N
LAA,CIN,2024-04-20,22:40,N,Great American Ball Park,outdoor,1,0,7,9,5,7,LAACIN20240420N
TB,NYY,2024-04-20,17:05,D,Yankee Stadium,outdoor,0,0,9,4,2,0,TBNYY20240420D
MIL,STL,2024-04-20,18:15,D,Busch Stadium,outdoor,0,1,18,6,12,5,MILSTL20240420D
NYM,LAD,2024-04-21,20:10,D,Dodger Stadium,outdoor,0,0,7,9,0,10,NYMLAD20240421D
TEX,ATL,2024-04-21,23:10,N,Truist Park,outdoor,1,0,11,5,6,4,TEXATL20240421N
AZ,SF,2024-04-21,20:05,D,Oracle Park,outdoor,0,1,7,5,5,3,AZSF20240421D
HOU,WSH,2024-04-21,17:35,D,Nationals Park,outdoor,0,0,4,11,0,6,HOUWSH20240421D
BOS,PIT,2024-04-21,17:35,D,PNC Park,outdoor,0,2,8,7,6,1,BOSPIT20240421D
CWS,PHI,2024-04-21,17:35,D,Citizens Bank Park,outdoor,1,1,4,11,2,8,CWSPHI20240421D
SEA,COL,2024-04-22,00:10,N,Coors Field,outdoor,1,1,13,6,10,2,SEACOL20240422N
OAK,CLE,2024-04-21,17:40,D,Progressive Field,outdoor,0,1,7,7,2,6,OAKCLE20240421D
LAA,CIN,2024-04-21,17:40,D,Great American Ball Park,outdoor,1,0,6,5,0,3,LAACIN20240421D
MIA,CHC,2024-04-21,18:20,D,Wrigley Field,outdoor,1,0,11,8,6,3,MIACHC20240421D
DET,MIN,2024-04-21,18:10,D,Target Field,outdoor,0,0,7,7,6,1,DETMIN20240421D
BAL,KC,2024-04-21,18:10,D,Kauffman Stadium,outdoor,0,0,11,5,5,0,BALKC20240421D
TB,NYY,2024-04-21,17:35,D,Yankee Stadium,outdoor,0,3,5,9,4,5,TBNYY20240421D
TOR,SD,2024-04-21,20:10,D,PETCO Park,outdoor,2,0,6,6,3,6,TORSD20240421D
SEA,COL,2024-04-21,19:10,D,Coors Field,outdoor,0,1,6,10,1,2,SEACOL20240421D
MIL,STL,2024-04-21,18:15,D,Busch Stadium,outdoor,0,0,6,6,2,0,MILSTL20240421D
NYM,SF,2024-04-23,01:45,N,Oracle Park,outdoor,0,1,4,8,2,5,NYMSF20240423N
DET,TB,2024-04-22,22:50,N,Tropicana Field,indoor,0,2,11,6,7,1,DETTB20240422N
TOR,KC,2024-04-22,23:40,N,Kauffman Stadium,outdoor,0,0,6,8,5,3,TORKC20240422N
OAK,NYY,2024-04-22,17:05,D,Yankee Stadium,outdoor,0,0,4,3,2,0,OAKNYY20240422D
MIA,ATL,2024-04-22,23:20,N,Truist Park,outdoor,0,0,8,8,0,3,MIAATL20240422N
PHI,CIN,2024-04-22,22:40,N,Great American Ball Park,outdoor,0,1,9,2,7,0,PHICIN20240422N
CWS,MIN,2024-04-22,23:40,N,Target Field,outdoor,0,0,8,11,0,7,CWSMIN20240422N
SD,COL,2024-04-23,00:40,N,Coors Field,outdoor,0,0,9,4,3,1,SDCOL20240423N
AZ,STL,2024-04-22,23:45,N,Busch Stadium,outdoor,0,0,9,7,3,5,AZSTL20240422N
BAL,LAA,2024-04-23,01:38,N,Angel Stadium,outdoor,0,0,6,8,4,2,BALLAA20240423N
MIL,PIT,2024-04-22,22:40,N,PNC Park,outdoor,1,0,5,9,2,4,MILPIT20240422N
SEA,TEX,2024-04-24,00:05,N,Globe Life Field,retractable,0,1,6,3,4,0,SEATEX20240424N
TOR,KC,2024-04-23,23:40,N,Kauffman Stadium,outdoor,1,0,9,8,2,3,TORKC20240423N
HOU,CHC,2024-04-23,23:40,N,Wrigley Field,outdoor,1,0,6,6,2,7,HOUCHC20240423N
NYM,SF,2024-04-24,01:45,N,Oracle Park,outdoor,0,0,9,8,1,5,NYMSF20240424N
DET,TB,2024-04-23,22:50,N,Tropicana Field,indoor,3,0,6,7,4,2,DETTB20240423N
AZ,STL,2024-04-23,23:45,N,Busch Stadium,outdoor,0,0,15,6,14,1,AZSTL20240423N
BOS,CLE,2024-04-23,22:10,N,Progressive Field,outdoor,0,0,6,7,1,4,BOSCLE20240423N
OAK,NYY,2024-04-23,23:05,N,Yankee Stadium,outdoor,0,0,7,5,3,4,OAKNYY20240423N
CWS,MIN,2024-04-23,23:40,N,Target Field,outdoor,0,1,8,10,5,6,CWSMIN20240423N
BAL,LAA,2024-04-24,01:38,N,Angel Stadium,outdoor,0,0,8,11,4,7,BALLAA20240424N
PHI,CIN,2024-04-23,22:40,N,Great American Ball Park,outdoor,3,0,6,9,1,8,PHICIN20240423N
SD,COL,2024-04-24,00:40,N,Coors Field,outdoor,2,0,12,13,4,7,SDCOL20240424N
LAD,WSH,2024-04-23,22:45,N,Nationals Park,outdoor,0,1,9,7,4,1,LADWSH20240423N
MIL,PIT,2024-04-23,22:40,N,PNC Park,outdoor,0,0,3,7,1,2,MILPIT20240423N
MIA,ATL,2024-04-23,23:20,N,Truist Park,outdoor,1,1,3,10,0,5,MIAATL20240423N
SEA,TEX,2024-04-25,00:05,N,Globe Life Field,retractable,2,0,8,8,1,5,SEATEX20240425N
MIA,ATL,2024-04-24,23:20,N,Truist Park,outdoor,0,1,7,10,3,4,MIAATL20240424N
SD,COL,2024-04-25,00:40,N,Coors Field,outdoor,0,2,8,5,5,2,SDCOL20240425N
AZ,STL,2024-04-24,17:15,D,Busch Stadium,outdoor,0,0,7,9,1,5,AZSTL20240424D
MIL,PIT,2024-04-24,22:40,N,PNC Park,outdoor,2,2,7,4,3,2,MILPIT20240424N
OAK,NYY,2024-04-24,23:05,N,Yankee Stadium,outdoor,2,0,4,11,3,7,OAKNYY20240424N
NYM,SF,2024-04-24,19:45,D,Oracle Park,outdoor,1,1,11,8,8,2,NYMSF20240424D
CWS,MIN,2024-04-24,23:40,N,Target Field,outdoor,0,0,4,13,3,6,CWSMIN20240424N
TOR,KC,2024-04-24,23:40,N,Kauffman Stadium,outdoor,2,0,6,9,2,3,TORKC20240424N
DET,TB,2024-04-24,22:50,N,Tropicana Field,indoor,0,0,7,11,5,7,DETTB20240424N
BOS,CLE,2024-04-24,22:10,N,Progressive Field,outdoor,0,0,16,4,8,0,BOSCLE20240424N
HOU,CHC,2024-04-24,23:40,N,Wrigley Field,outdoor,0,1,10,8,3,4,HOUCHC20240424N
PHI,CIN,2024-04-24,22:40,N,Great American Ball Park,outdoor,1,1,11,10,4,7,PHICIN20240424N
LAD,WSH,2024-04-24,22:45,N,Nationals Park,outdoor,0,0,20,3,11,2,LADWSH20240424N
BAL,LAA,2024-04-24,20:07,D,Angel Stadium,outdoor,1,0,9,6,6,5,BALLAA20240424D
TOR,KC,2024-04-25,18:10,D,Kauffman Stadium,outdoor,0,0,3,3,1,2,TORKC20240425D
BOS,CLE,2024-04-25,17:10,D,Progressive Field,outdoor,2,0,10,8,4,6,BOSCLE20240425D
LAD,WSH,2024-04-25,20:05,D,Nationals Park,outdoor,1,0,9,7,2,1,LADWSH20240425D
HOU,CHC,2024-04-25,18:20,D,Wrigley Field,outdoor,0,0,4,7,1,3,HOUCHC20240425D
MIL,PIT,2024-04-25,16:35,D,PNC Park,outdoor,0,0,12,8,7,5,MILPIT20240425D
SEA,TEX,2024-04-25,18:35,D,Globe Life Field,retractable,2,0,5,7,4,3,SEATEX20240425D
PHI,CIN,2024-04-25,17:10,D,Great American Ball Park,outdoor,0,0,11,3,5,0,PHICIN20240425D
SD,COL,2024-04-25,19:10,D,Coors Field,outdoor,0,0,11,14,9,10,SDCOL20240425D
OAK,NYY,2024-04-25,23:05,N,Yankee Stadium,outdoor,1,0,6,11,3,1,OAKNYY20240425N
CWS,MIN,2024-04-25,17:10,D,Target Field,outdoor,0,1,9,10,3,6,CWSMIN20240425D
NYY,MIL,2024-04-27,00:10,N,American Family Field,retractable,0,0,6,10,6,7,NYYMIL20240427N
WSH,MIA,2024-04-26,23:10,N,loanDepot park,retractable,0,0,8,6,3,1,WSHMIA20240426N
STL,NYM,2024-04-26,23:10,N,Citi Field,outdoor,0,1,5,8,4,2,STLNYM20240426N
TB,CWS,2024-04-26,23:40,N,Guaranteed Rate Field,outdoor,2,0,9,12,4,9,TBCWS20240426N
CHC,BOS,2024-04-26,23:10,N,Fenway Park,outdoor,1,1,14,7,7,1,CHCBOS20240426N
PIT,SF,2024-04-27,02:15,N,Oracle Park,outdoor,0,1,8,6,0,3,PITSF20240427N
CIN,TEX,2024-04-27,00:05,N,Globe Life Field,retractable,0,1,3,8,1,2,CINTEX20240427N
LAD,TOR,2024-04-26,23:07,N,Rogers Centre,retractable,0,1,19,5,12,2,LADTOR20240426N
KC,DET,2024-04-26,17:10,D,Comerica Park,outdoor,1,0,7,5,8,0,KCDET20240426D
AZ,SEA,2024-04-27,01:40,N,T-Mobile Park,retractable,0,0,3,5,1,6,AZSEA20240427N
MIN,LAA,2024-04-27,01:38,N,Angel Stadium,outdoor,0,2,11,5,5,3,MINLAA20240427N
PHI,SD,2024-04-27,01:40,N,PETCO Park,outdoor,0,0,13,7,9,3,PHISD20240427N
CLE,ATL,2024-04-26,23:20,N,Truist Park,outdoor,1,1,5,8,2,6,CLEATL20240426N
OAK,BAL,2024-04-26,23:05,N,Oriole Park at Camden Yards,outdoor,0,0,7,6,3,2,OAKBAL20240426N
CLE,ATL,2024-04-27,23:20,N,Truist Park,outdoor,0,0,8,7,4,2,CLEATL20240427N
CHC,BOS,2024-04-27,20:10,D,Fenway Park,outdoor,0,0,5,21,0,17,CHCBOS20240427D
TB,CWS,2024-04-27,23:10,N,Guaranteed Rate Field,outdoor,1,1,11,10,7,8,TBCWS20240427N
PIT,SF,2024-04-28,01:05,N,Oracle Park,outdoor,1,2,11,7,4,3,PITSF20240428N
WSH,MIA,2024-04-27,20:10,D,loanDepot park,retractable,0,3,11,13,11,4,WSHMIA20240427D
OAK,BAL,2024-04-27,20:05,D,Oriole Park at Camden Yards,outdoor,0,0,5,9,0,7,OAKBAL20240427D
MIN,LAA,2024-04-28,01:38,N,Angel Stadium,outdoor,0,0,17,11,16,5,MINLAA20240428N
AZ,SEA,2024-04-28,01:40,N,T-Mobile Park,retractable,0,0,3,4,1,3,AZSEA20240428N
LAD,TOR,2024-04-27,19:07,D,Rogers Centre,retractable,2,1,11,4,4,2,LADTOR20240427D
CIN,TEX,2024-04-27,20:05,D,Globe Life Field,retractable,0,1,10,7,8,4,CINTEX20240427D
STL,NYM,2024-04-27,20:05,D,Citi Field,outdoor,1,0,10,7,7,4,STLNYM20240427D
NYY,MIL,2024-04-27,23:10,N,American Family Field,retractable,0,1,19,5,15,3,NYYMIL20240427N
HOU,COL,2024-04-27,22:05,N,Estadio Alfredo Harp Helu,outdoor,1,0,15,8,12,4,HOUCOL20240427N
KC,DET,2024-04-27,22:10,N,Comerica Park,outdoor,1,4,9,8,5,6,KCDET20240427N
PHI,SD,2024-04-28,00:40,N,PETCO Park,outdoor,0,0,8,3,5,1,PHISD20240428N
CIN,TEX,2024-04-28,18:35,D,Globe Life Field,retractable,0,2,6,6,3,4,CINTEX20240428D
TB,CWS,2024-04-28,18:10,D,Guaranteed Rate Field,outdoor,0,0,7,12,2,4,TBCWS20240428D
OAK,BAL,2024-04-28,17:35,D,Oriole Park at Camden Yards,outdoor,1,0,10,9,7,6,OAKBAL20240428D
KC,DET,2024-04-28,17:40,D,Comerica Park,outdoor,0,0,5,10,1,4,KCDET20240428D
CLE,ATL,2024-04-28,17:35,D,Truist Park,outdoor,1,0,10,9,3,4,CLEATL20240428D
PIT,SF,2024-04-28,20:05,D,Oracle Park,outdoor,0,0,5,8,2,3,PITSF20240428D
STL,NYM,2024-04-28,17:40,D,Citi Field,outdoor,0,1,4,8,2,4,STLNYM20240428D
MIN,LAA,2024-04-28,20:07,D,Angel Stadium,outdoor,0,2,17,6,11,5,MINLAA20240428D
HOU,COL,2024-04-28,20:05,D,Estadio Alfredo Harp Helu,outdoor,0,0,8,7,8,2,HOUCOL20240428D
NYY,MIL,2024-04-28,18:10,D,American Family Field,retractable,0,0,18,11,15,5,NYYMIL20240428D
LAD,TOR,2024-04-28,17:37,D,Rogers Centre,retractable,0,0,6,8,1,3,LADTOR20240428D
PHI,SD,2024-04-28,20:10,D,PETCO Park,outdoor,1,0,12,9,8,6,PHISD20240428D
CHC,BOS,2024-04-28,23:10,N,Fenway Park,outdoor,1,0,7,9,4,5,CHCBOS20240428N
AZ,SEA,2024-04-28,20:10,D,T-Mobile Park,retractable,1,0,6,5,3,2,AZSEA20240428D
WSH,MIA,2024-04-28,17:40,D,loanDepot park,retractable,1,2,14,12,12,9,WSHMIA20240428D
ATL,SEA,2024-04-30,01:40,N,T-Mobile Park,retractable,0,0,3,4,1,2,ATLSEA20240430N
STL,DET,2024-04-30,22:40,D,Comerica Park,outdoor,0,0,11,14,6,11,STLDET20240430D
NYY,BAL,2024-04-29,22:35,N,Oriole Park at Camden Yards,outdoor,1,0,7,4,0,2,NYYBAL20240429N
PIT,OAK,2024-04-30,01:40,N,Oakland Coliseum,outdoor,0,0,2,8,1,5,PITOAK20240430N
WSH,MIA,2024-04-29,22:40,N,loanDepot park,retractable,0,1,7,4,7,2,WSHMIA20240429N
LAD,AZ,2024-04-30,01:40,N,Chase Field,retractable,0,0,10,7,8,4,LADAZ20240430N
CIN,SD,2024-04-30,01:40,N,PETCO Park,outdoor,1,1,8,4,5,2,CINSD20240430N
MIN,CWS,2024-04-29,23:40,N,Guaranteed Rate Field,outdoor,0,1,4,8,3,2,MINCWS20240429N
KC,TOR,2024-04-29,23:07,N,Rogers Centre,retractable,0,1,11,12,5,6,KCTOR20240429N
PHI,LAA,2024-04-30,01:38,N,Angel Stadium,outdoor,1,0,6,11,5,6,PHILAA20240430N
CHC,NYM,2024-04-29,23:10,N,Citi Field,outdoor,0,0,3,4,3,1,CHCNYM20240429N
TB,MIL,2024-04-29,23:40,N,American Family Field,retractable,0,0,6,3,1,0,TBMIL20240429N
NYY,BAL,2024-04-30,22:35,N,Oriole Park at Camden Yards,outdoor,1,0,5,9,2,4,NYYBAL20240430N
CHC,NYM,2024-04-30,23:10,N,Citi Field,outdoor,2,0,4,7,2,4,CHCNYM20240430N
WSH,TEX,2024-05-01,00:05,N,Globe Life Field,retractable,1,0,3,10,1,7,WSHTEX20240501N
TB,MIL,2024-04-30,23:40,N,American Family Field,retractable,1,0,5,10,2,8,TBMIL20240430N
PIT,OAK,2024-05-01,01:40,N,Oakland Coliseum,outdoor,0,0,5,8,2,5,PITOAK20240501N
COL,MIA,2024-04-30,22:40,N,loanDepot park,retractable,0,0,9,9,6,7,COLMIA20240430N
SF,BOS,2024-04-30,23:10,N,Fenway Park,outdoor,0,1,4,11,0,4,SFBOS20240430N
PHI,LAA,2024-05-01,01:38,N,Angel Stadium,outdoor,1,0,11,9,7,5,PHILAA20240501N
LAD,AZ,2024-05-01,01:40,N,Chase Field,retractable,0,0,5,10,3,4,LADAZ20240501N
MIN,CWS,2024-04-30,23:40,N,Guaranteed Rate Field,outdoor,1,0,9,12,6,5,MINCWS20240430N
ATL,SEA,2024-05-01,01:40,N,T-Mobile Park,retractable,0,2,6,7,2,3,ATLSEA20240501N
STL,DET,2024-04-30,19:40,D,Comerica Park,outdoor,0,0,7,4,2,1,STLDET20240430D
CLE,HOU,2024-05-01,00:10,N,Minute Maid Park,retractable,1,0,7,12,9,10,CLEHOU20240501N
STL,DET,2024-04-30,22:40,D,Comerica Park,outdoor,0,0,11,14,6,11,STLDET20240430D
CIN,SD,2024-05-01,01:40,N,PETCO Park,outdoor,3,0,8,10,4,6,CINSD20240501N
KC,TOR,2024-04-30,23:07,N,Rogers Centre,retractable,0,0,8,4,4,1,KCTOR20240430N
SF,BOS,2024-05-01,23:10,N,Fenway Park,outdoor,0,0,5,10,2,6,SFBOS20240501N
LAD,AZ,2024-05-02,01:40,N,Chase Field,retractable,0,0,10,7,8,0,LADAZ20240502N
CIN,SD,2024-05-01,20:10,D,PETCO Park,outdoor,1,0,4,8,2,6,CINSD20240501D
KC,TOR,2024-05-01,19:07,D,Rogers Centre,retractable,0,0,7,4,6,1,KCTOR20240501D
NYY,BAL,2024-05-01,22:35,N,Oriole Park at Camden Yards,outdoor,0,0,4,3,2,0,NYYBAL20240501N
STL,DET,2024-05-01,17:10,D,Comerica Park,outdoor,0,0,7,8,1,4,STLDET20240501D
CLE,HOU,2024-05-02,00:10,N,Minute Maid Park,retractable,1,1,9,7,3,2,CLEHOU20240502N
MIN,CWS,2024-05-01,18:10,D,Guaranteed Rate Field,outdoor,0,1,12,7,10,5,MINCWS20240501D
ATL,SEA,2024-05-01,19:40,D,T-Mobile Park,retractable,0,2,6,10,5,2,ATLSEA20240501D
WSH,TEX,2024-05-02,00:05,N,Globe Life Field,retractable,0,0,5,6,1,0,WSHTEX20240502N
TB,MIL,2024-05-01,17:10,D,American Family Field,retractable,0,2,5,10,1,7,TBMIL20240501D
PHI,LAA,2024-05-01,20:07,D,Angel Stadium,outdoor,0,0,7,10,2,1,PHILAA20240501D
PIT,OAK,2024-05-01,19:37,D,Oakland Coliseum,outdoor,1,3,4,6,0,4,PITOAK20240501D
COL,MIA,2024-05-01,22:40,N,loanDepot park,retractable,1,0,4,7,1,4,COLMIA20240501N
CHC,NYM,2024-05-01,23:10,N,Citi Field,outdoor,0,0,5,5,1,0,CHCNYM20240501N
COL,MIA,2024-05-02,16:10,D,loanDepot park,retractable,0,1,5,9,4,5,COLMIA20240502D
NYY,BAL,2024-05-02,17:05,D,Oriole Park at Camden Yards,outdoor,1,1,6,8,2,7,NYYBAL20240502D
SF,BOS,2024-05-02,17:35,D,Fenway Park,outdoor,0,0,6,4,3,1,SFBOS20240502D
CHC,NYM,2024-05-02,17:10,D,Citi Field,outdoor,1,0,9,8,6,7,CHCNYM20240502D
WSH,TEX,2024-05-02,18:35,D,Globe Life Field,retractable,0,0,4,9,0,6,WSHTEX20240502D
CLE,HOU,2024-05-03,00:10,N,Minute Maid Park,retractable,0,0,7,10,2,8,CLEHOU20240503N
DET,NYY,2024-05-03,23:05,N,Yankee Stadium,outdoor,0,1,5,6,1,2,DETNYY20240503N
LAA,CLE,2024-05-03,23:10,N,Progressive Field,outdoor,2,0,11,6,6,0,LAACLE20240503N
CWS,STL,2024-05-04,00:15,N,Busch Stadium,outdoor,1,0,3,6,0,3,CWSSTL20240504N
TEX,KC,2024-05-03,23:40,N,Kauffman Stadium,outdoor,0,0,7,11,1,7,TEXKC20240503N
SEA,HOU,2024-05-04,00:10,N,Minute Maid Park,retractable,1,0,7,7,3,5,SEAHOU20240504N
ATL,LAD,2024-05-04,02:10,N,Dodger Stadium,outdoor,0,1,6,9,3,4,ATLLAD20240504N
NYM,TB,2024-05-03,22:50,N,Tropicana Field,indoor,0,0,10,13,8,10,NYMTB20240503N
SF,PHI,2024-05-03,22:40,N,Citizens Bank Park,outdoor,2,1,8,6,3,4,SFPHI20240503N
COL,PIT,2024-05-03,22:40,N,PNC Park,outdoor,0,0,12,4,3,2,COLPIT20240503N
MIA,OAK,2024-05-04,01:40,N,Oakland Coliseum,outdoor,1,0,7,5,1,3,MIAOAK20240504N
MIL,CHC,2024-05-03,18:20,D,Wrigley Field,outdoor,0,0,8,8,3,1,MILCHC20240503D
BAL,CIN,2024-05-03,22:10,N,Great American Ball Park,outdoor,0,0,9,2,3,0,BALCIN20240503N
BOS,MIN,2024-05-04,00:10,N,Target Field,outdoor,1,1,4,8,2,5,BOSMIN20240504N
SD,AZ,2024-05-04,01:40,N,Chase Field,retractable,0,0,12,3,7,1,SDAZ20240504N
TOR,WSH,2024-05-03,22:45,N,Nationals Park,outdoor,2,1,7,12,3,9,TORWSH20240503N
COL,PIT,2024-05-04,20:05,D,PNC Park,outdoor,0,0,1,6,0,1,COLPIT20240504D
MIL,CHC,2024-05-04,18:20,D,Wrigley Field,outdoor,0,2,8,8,5,6,MILCHC20240504D
DET,NYY,2024-05-04,17:05,D,Yankee Stadium,outdoor,0,0,7,9,3,5,DETNYY20240504D
SD,AZ,2024-05-05,00:10,N,Chase Field,retractable,0,1,18,8,13,1,SDAZ20240505N
ATL,LAD,2024-05-05,01:10,N,Dodger Stadium,outdoor,0,0,6,16,2,11,ATLLAD20240505N
SEA,HOU,2024-05-04,23:15,N,Minute Maid Park,retractable,0,1,10,3,5,0,SEAHOU20240504N
TOR,WSH,2024-05-04,20:05,D,Nationals Park,outdoor,1,4,9,6,6,3,TORWSH20240504D
CWS,STL,2024-05-04,18:15,D,Busch Stadium,outdoor,0,1,8,5,6,5,CWSSTL20240504D
NYM,TB,2024-05-04,23:15,N,Tropicana Field,indoor,2,1,6,7,1,3,NYMTB20240504N
LAA,CLE,2024-05-04,22:10,N,Progressive Field,outdoor,0,1,4,6,1,7,LAACLE20240504N
BAL,CIN,2024-05-04,22:40,N,Great American Ball Park,outdoor,0,0,7,6,2,1,BALCIN20240504N
SF,PHI,2024-05-04,22:05,N,Citizens Bank Park,outdoor,2,1,10,12,3,14,SFPHI20240504N
BOS,MIN,2024-05-04,18:10,D,Target Field,outdoor,0,0,8,8,1,3,BOSMIN20240504D
MIA,OAK,2024-05-04,20:07,D,Oakland Coliseum,outdoor,1,1,7,21,4,20,MIAOAK20240504D
TEX,KC,2024-05-04,23:10,N,Kauffman Stadium,outdoor,0,1,17,9,15,4,TEXKC20240504N
DET,NYY,2024-05-05,17:35,D,Yankee Stadium,outdoor,0,0,5,9,2,5,DETNYY20240505D
MIA,OAK,2024-05-05,20:07,D,Oakland Coliseum,outdoor,2,0,14,5,12,3,MIAOAK20240505D
BAL,CIN,2024-05-05,20:10,D,Great American Ball Park,outdoor,0,0,11,3,11,1,BALCIN20240505D
LAA,CLE,2024-05-05,17:40,D,Progressive Field,outdoor,1,0,6,5,1,4,LAACLE20240505D
SD,AZ,2024-05-05,20:10,D,Chase Field,retractable,1,0,12,13,4,11,SDAZ20240505D
TOR,WSH,2024-05-05,17:35,D,Nationals Park,outdoor,2,3,10,11,8,11,TORWSH20240505D
CWS,STL,2024-05-05,18:15,D,Busch Stadium,outdoor,0,0,9,4,5,1,CWSSTL20240505D
COL,PIT,2024-05-05,17:35,D,PNC Park,outdoor,0,0,7,9,3,5,COLPIT20240505D
SF,PHI,2024-05-05,23:10,N,Citizens Bank Park,outdoor,2,0,7,9,4,5,SFPHI20240505N
ATL,LAD,2024-05-05,20:10,D,Dodger Stadium,outdoor,1,0,5,5,1,5,ATLLAD20240505D
NYM,TB,2024-05-05,17:40,D,Tropicana Field,indoor,0,2,8,9,6,7,NYMTB20240505D
TEX,KC,2024-05-05,18:10,D,Kauffman Stadium,outdoor,0,0,8,7,3,2,TEXKC20240505D
MIL,CHC,2024-05-05,18:20,D,Wrigley Field,outdoor,0,0,5,7,0,5,MILCHC20240505D
BOS,MIN,2024-05-05,18:10,D,Target Field,outdoor,1,1,11,9,9,2,BOSMIN20240505D
SEA,HOU,2024-05-05,18:10,D,Minute Maid Park,retractable,0,0,10,8,5,4,SEAHOU20240505D
SF,PHI,2024-05-06,20:05,D,Citizens Bank Park,outdoor,0,1,5,10,1,6,SFPHI20240506D
TEX,OAK,2024-05-07,01:40,N,Oakland Coliseum,outdoor,2,1,5,7,4,2,TEXOAK20240507N
SD,CHC,2024-05-06,23:40,N,Wrigley Field,outdoor,0,0,11,7,6,3,SDCHC20240506N
SEA,MIN,2024-05-06,23:40,N,Target Field,outdoor,0,0,3,5,1,3,SEAMIN20240506N
LAA,PIT,2024-05-06,22:40,N,PNC Park,outdoor,0,1,5,6,1,4,LAAPIT20240506N
DET,CLE,2024-05-06,22:10,N,Progressive Field,outdoor,0,1,6,7,1,2,DETCLE20240506N
CWS,TB,2024-05-06,22:50,N,Tropicana Field,indoor,2,2,4,13,2,8,CWSTB20240506N
MIL,KC,2024-05-06,23:10,N,Kauffman Stadium,outdoor,1,0,3,5,2,3,MILKC20240506N
MIA,LAD,2024-05-07,02:10,N,Dodger Stadium,outdoor,0,1,7,9,3,6,MIALAD20240507N
NYM,STL,2024-05-06,23:45,N,Busch Stadium,outdoor,0,1,10,8,4,3,NYMSTL20240506N
CWS,TB,2024-05-07,22:50,N,Tropicana Field,indoor,1,2,6,8,1,5,CWSTB20240507N
AZ,CIN,2024-05-07,22:40,N,Great American Ball Park,outdoor,0,1,8,3,6,2,AZCIN20240507N
HOU,NYY,2024-05-07,23:05,N,Yankee Stadium,outdoor,0,1,3,13,3,10,HOUNYY20240507N
MIA,LAD,2024-05-08,02:10,N,Dodger Stadium,outdoor,1,0,6,5,2,8,MIALAD20240508N
TEX,OAK,2024-05-07,19:37,D,Oakland Coliseum,outdoor,2,2,19,7,15,8,TEXOAK20240507D
DET,CLE,2024-05-07,22:10,N,Progressive Field,outdoor,0,2,15,8,11,7,DETCLE20240507N
SD,CHC,2024-05-07,23:40,N,Wrigley Field,outdoor,0,1,9,10,2,3,SDCHC20240507N
BAL,WSH,2024-05-07,22:45,N,Nationals Park,outdoor,0,1,3,6,0,3,BALWSH20240507N
NYM,STL,2024-05-07,23:45,N,Busch Stadium,outdoor,0,1,14,11,7,5,NYMSTL20240507N
MIL,KC,2024-05-07,23:40,N,Kauffman Stadium,outdoor,0,1,13,12,6,5,MILKC20240507N
TOR,PHI,2024-05-07,22:40,N,Citizens Bank Park,outdoor,0,0,6,11,1,10,TORPHI20240507N
LAA,PIT,2024-05-07,22:40,N,PNC Park,outdoor,1,1,15,3,9,0,LAAPIT20240507N
SEA,MIN,2024-05-07,23:40,N,Target Field,outdoor,0,0,10,9,10,6,SEAMIN20240507N
BOS,ATL,2024-05-07,23:20,N,Truist Park,outdoor,0,2,8,7,2,4,BOSATL20240507N
SF,COL,2024-05-08,00:40,N,Coors Field,outdoor,0,0,10,4,5,0,SFCOL20240508N
